SHERRY Nick,Refund of hire car costs from Devonport to Hobart between,,19/06/2011,20/06/2011,-$112.00,,http://www.finance.gov.au/sites/default/files/P34_SHERRY_Nick.pdf
ENTSCH Warren,Horn Island,Thursday Island,29/11/2011,,$45.45,,http://www.finance.gov.au/sites/default/files/P35_ENTSCH_Warren.pdf
ENTSCH Warren,Thursday Island,Horn Island,01/12/2011,,,,http://www.finance.gov.au/sites/default/files/P35_ENTSCH_Warren.pdf
ENTSCH Warren,Thursday Island,Horn Island,16/05/2012,,$22.73,,http://www.finance.gov.au/sites/default/files/P35_ENTSCH_Warren.pdf
ENTSCH Warren,Horn Island,,16/05/2012,,$227.27,,http://www.finance.gov.au/sites/default/files/P35_ENTSCH_Warren.pdf
FERGUSON Martin,Ceduna,Adelaide,08/09/2012,,-$366.15,"<i>*</i>",http://www.finance.gov.au/sites/default/files/P34_FERGUSON_Martin.pdf
FERGUSON Martin,Ceduna,Adelaide,08/09/2012,,-$127.15,"<i>*</i>",http://www.finance.gov.au/sites/default/files/P34_FERGUSON_Martin.pdf
CHESTER Darren,Bairnsdale,Canberra,26/11/2012,,-$578.98,Refund,http://www.finance.gov.au/sites/default/files/P34_CHESTER_Darren.pdf
CHESTER Darren,Canberra,Bairnsdale,29/11/2012,,,,http://www.finance.gov.au/sites/default/files/P34_CHESTER_Darren.pdf
CROOK Tony,Albany,Perth,14/01/2013,,$475.04,,http://www.finance.gov.au/sites/default/files/P34_CROOK_Tony.pdf
MOORE Claire,Rockhampton,,17/01/2013,18/01/2013,$231.04,,http://www.finance.gov.au/sites/default/files/P34_MOORE_Claire.pdf
THISTLETHWAITE Matt0,Orange,,25/01/2013,,$70.07,,http://www.finance.gov.au/sites/default/files/P34_THISTLETHWAITE_Matt0.pdf
MACDONALD Ian,Brisbane,,29/01/2013,30/01/2013,$146.02,,http://www.finance.gov.au/sites/default/files/P34_MACDONALD_Ian.pdf
COULTON Mark,Inverell,Canberra,10/02/2013,,"$3,318.18",,http://www.finance.gov.au/sites/default/files/P34_COULTON_Mark.pdf
MACDONALD Ian,Cairns,,14/02/2013,15/02/2013,$118.54,,http://www.finance.gov.au/sites/default/files/P34_MACDONALD_Ian.pdf
MCLUCAS Jan,Cairns,Bowen,22/02/2013,,$250.00,,http://www.finance.gov.au/sites/default/files/P34_MCLUCAS_Jan.pdf
MCLUCAS Jan,Cairns,Bowen,22/02/2013,,"$4,490.00",,http://www.finance.gov.au/sites/default/files/P34_MCLUCAS_Jan.pdf
MCLUCAS Jan,Bowen,Cairns,22/02/2013,,,,http://www.finance.gov.au/sites/default/files/P34_MCLUCAS_Jan.pdf
MCLUCAS Jan,Bowen,Cairns,22/02/2013,,,,http://www.finance.gov.au/sites/default/files/P34_MCLUCAS_Jan.pdf
FIERRAVANTI-WELLS Concetta,Albury,,24/02/2013,,$65.71,,http://www.finance.gov.au/sites/default/files/P35_FIERRAVANTI-WELLS_Concetta.pdf
BURKE Tony,Cairns,Lockhart River,27/02/2013,,"$28,562.18",,http://www.finance.gov.au/sites/default/files/P34_BURKE_Tony.pdf
BURKE Tony,Lockhart River,Weipa,27/02/2013,,,,http://www.finance.gov.au/sites/default/files/P34_BURKE_Tony.pdf
BURKE Tony,Weipa,Laura,28/02/2013,,"-$2,810.93","<i>*</i>",http://www.finance.gov.au/sites/default/files/P34_BURKE_Tony.pdf
BURKE Tony,Laura,,28/02/2013,,"$5,621.85",,http://www.finance.gov.au/sites/default/files/P34_BURKE_Tony.pdf
BURKE Tony,Laura,,28/02/2013,,,"<i>*</i>",http://www.finance.gov.au/sites/default/files/P34_BURKE_Tony.pdf
BURKE Tony,Laura,Cairns,28/02/2013,,,"<i>*</i>",http://www.finance.gov.au/sites/default/files/P34_BURKE_Tony.pdf
BURKE Tony,Weipa,Laura,28/02/2013,,,,http://www.finance.gov.au/sites/default/files/P34_BURKE_Tony.pdf
BURKE Tony,Laura,,28/02/2013,,,,http://www.finance.gov.au/sites/default/files/P34_BURKE_Tony.pdf
BURKE Tony,Laura,Cairns,28/02/2013,,,,http://www.finance.gov.au/sites/default/files/P34_BURKE_Tony.pdf
PRATT Louise,Kununurra,,01/03/2013,03/03/2013,$259.44,,http://www.finance.gov.au/sites/default/files/P34_PRATT_Louise.pdf
JOYCE Barnaby0,Brisbane,Toowoomba,01/03/2013,,$875.00,,http://www.finance.gov.au/sites/default/files/P34_JOYCE_Barnaby0.pdf
JOYCE Barnaby0,Toowoomba,St George,01/03/2013,,,,http://www.finance.gov.au/sites/default/files/P34_JOYCE_Barnaby0.pdf
MCKENZIE Bridget,Horsham,,06/03/2013,,"$1,545.45",,http://www.finance.gov.au/sites/default/files/P34_MCKENZIE_Bridget.pdf
SCOTT Bruce,Brisbane,Roma,21/03/2013,,"-$3,260.00",Refund,http://www.finance.gov.au/sites/default/files/P34_SCOTT_Bruce.pdf
MACDONALD Ian,Rockhampton,,22/03/2013,24/03/2013,$199.44,,http://www.finance.gov.au/sites/default/files/P34_MACDONALD_Ian.pdf
BRANDIS George,Rockhampton,,23/03/2013,24/03/2013,$172.76,,http://www.finance.gov.au/sites/default/files/P34_BRANDIS_George.pdf
KELLY Mike,Merimbula,,05/04/2013,,$77.00,,http://www.finance.gov.au/sites/default/files/P34_KELLY_Mike.pdf
KELLY Mike,Moruya,,08/04/2013,,$69.72,,http://www.finance.gov.au/sites/default/files/P34_KELLY_Mike.pdf
SNOWDON Warren,Groote Eylandt,Numbulwar,09/04/2013,,$881.82,,http://www.finance.gov.au/sites/default/files/P34_SNOWDON_Warren.pdf
SNOWDON Warren,Numbulwar,Ngukurr,09/04/2013,,,,http://www.finance.gov.au/sites/default/files/P34_SNOWDON_Warren.pdf
SNOWDON Warren,Ngukurr,Groote Eylandt,09/04/2013,,,,http://www.finance.gov.au/sites/default/files/P34_SNOWDON_Warren.pdf
RUSTON Anne,Broome,Fitzroy Crossing,10/04/2013,,"$2,053.33",,http://www.finance.gov.au/sites/default/files/P34_RUSTON_Anne.pdf
POLLEY Helen,Launceston,Hobart,10/04/2013,,"$3,150.00",,http://www.finance.gov.au/sites/default/files/P34_POLLEY_Helen.pdf
LUDWIG Joe,Tamworth,Toowoomba,11/04/2013,,"$4,400.00",,http://www.finance.gov.au/sites/default/files/P34_LUDWIG_Joe.pdf
SCOTT Bruce,Roma,Cloncurry,11/04/2013,,"$7,895.00",,http://www.finance.gov.au/sites/default/files/P34_SCOTT_Bruce.pdf
SCOTT Bruce,Cloncurry,Roma,11/04/2013,,,,http://www.finance.gov.au/sites/default/files/P34_SCOTT_Bruce.pdf
SIEWERT Rachel,Broome,,12/04/2013,,"$1,395.00",,http://www.finance.gov.au/sites/default/files/P34_SIEWERT_Rachel.pdf
MCKENZIE Bridget,Melbourne,,13/04/2013,,"$1,195.45",,http://www.finance.gov.au/sites/default/files/P34_MCKENZIE_Bridget.pdf
LUDLAM Scott,Perth,,19/04/2013,22/04/2013,$174.00,,http://www.finance.gov.au/sites/default/files/P34_LUDLAM_Scott.pdf
GRAY Gary,Adelaide,,01/05/2013,,"$25,830.00",,http://www.finance.gov.au/sites/default/files/P34_GRAY_Gary.pdf
FORREST John,Swan Hill,Canberra,12/05/2013,,"$2,868.18",,http://www.finance.gov.au/sites/default/files/P34_FORREST_John.pdf
COULTON Mark,Warialda,Canberra,13/05/2013,,"$1,659.09",,http://www.finance.gov.au/sites/default/files/P34_COULTON_Mark.pdf
MACDONALD Ian,Brisbane,Coolangatta,31/05/2013,02/06/2013,$272.09,,http://www.finance.gov.au/sites/default/files/P34_MACDONALD_Ian.pdf
SCULLION Nigel,Alice Springs,,05/06/2013,06/06/2013,$170.91,,http://www.finance.gov.au/sites/default/files/P34_SCULLION_Nigel.pdf
SNOWDON Warren,Darwin,,08/06/2013,,"$3,454.55",,http://www.finance.gov.au/sites/default/files/P34_SNOWDON_Warren.pdf
MACDONALD Ian,Hervey Bay,Brisbane,09/06/2013,13/06/2013,$640.20,,http://www.finance.gov.au/sites/default/files/P34_MACDONALD_Ian.pdf
WATERS Larissa,Gladstone,,10/06/2013,,"$2,730.00",,http://www.finance.gov.au/sites/default/files/P34_WATERS_Larissa.pdf
MACDONALD Ian,Mount Isa,,13/06/2013,14/06/2013,$243.62,,http://www.finance.gov.au/sites/default/files/P34_MACDONALD_Ian.pdf
BOSWELL Ronald,Cairns,,14/06/2013,,$68.44,,http://www.finance.gov.au/sites/default/files/P35_BOSWELL_Ronald.pdf
HOGG John,Hervey Bay,Bundaberg,14/06/2013,,$174.47,,http://www.finance.gov.au/sites/default/files/P34_HOGG_John.pdf
URQUHART Anne,Devonport,Hobart,15/06/2013,16/06/2013,$178.50,,http://www.finance.gov.au/sites/default/files/P34_URQUHART_Anne.pdf
LEY Sussan,Canberra,Albury,20/06/2013,,"$1,881.82",,http://www.finance.gov.au/sites/default/files/P34_LEY_Sussan.pdf
HAASE Barry,Geraldton,,21/06/2013,,$103.59,,http://www.finance.gov.au/sites/default/files/P34_HAASE_Barry.pdf
COULTON Mark,Warialda,Canberra,23/06/2013,,"$1,659.09",,http://www.finance.gov.au/sites/default/files/P34_COULTON_Mark.pdf
LEY Sussan,Canberra,Albury,28/06/2013,,$940.91,,http://www.finance.gov.au/sites/default/files/P34_LEY_Sussan.pdf
MIRABELLA Sophie,Canberra,Albury,28/06/2013,,$940.91,,http://www.finance.gov.au/sites/default/files/P34_MIRABELLA_Sophie.pdf
COULTON Mark,Canberra,Warialda,28/06/2013,,"$1,659.09",,http://www.finance.gov.au/sites/default/files/P34_COULTON_Mark.pdf
ENTSCH Warren,Horn Island,Thursday Island,30/06/2013,,$245.45,,http://www.finance.gov.au/sites/default/files/P35_ENTSCH_Warren.pdf
ENTSCH Warren,Thursday Island,,30/06/2013,02/07/2013,,,http://www.finance.gov.au/sites/default/files/P35_ENTSCH_Warren.pdf
BACK Chris,Kalgoorlie,,01/07/2013,02/07/2013,$115.82,,http://www.finance.gov.au/sites/default/files/P34_BACK_Chris.pdf
ENTSCH Warren,Thursday Island,Horn Island,02/07/2013,,,,http://www.finance.gov.au/sites/default/files/P35_ENTSCH_Warren.pdf
GRAY Gary,Warrnambool,,03/07/2013,,$112.72,,http://www.finance.gov.au/sites/default/files/P34_GRAY_Gary.pdf
HEFFERNAN Bill,Griffith,Mildura,03/07/2013,,"$1,555.84",,http://www.finance.gov.au/sites/default/files/P34_HEFFERNAN_Bill.pdf
MADIGAN John,Canberra,Griffith,03/07/2013,,"$1,555.84",,http://www.finance.gov.au/sites/default/files/P34_MADIGAN_John.pdf
COLBECK Richard,Canberra,Griffith,03/07/2013,,"$2,593.07",,http://www.finance.gov.au/sites/default/files/P34_COLBECK_Richard.pdf
COLBECK Richard,Griffith,Mildura,03/07/2013,,,,http://www.finance.gov.au/sites/default/files/P34_COLBECK_Richard.pdf
MADIGAN John,Griffith,Mildura,03/07/2013,,,,http://www.finance.gov.au/sites/default/files/P34_MADIGAN_John.pdf
LEY Sussan,Broken Hill,,04/07/2013,05/07/2013,$64.56,,http://www.finance.gov.au/sites/default/files/P34_LEY_Sussan.pdf
HEFFERNAN Bill,Mildura,Canberra,04/07/2013,,,,http://www.finance.gov.au/sites/default/files/P34_HEFFERNAN_Bill.pdf
COLBECK Richard,Mildura,Canberra,04/07/2013,,,,http://www.finance.gov.au/sites/default/files/P34_COLBECK_Richard.pdf
HAASE Barry,Broome,,05/07/2013,06/07/2013,$154.64,,http://www.finance.gov.au/sites/default/files/P34_HAASE_Barry.pdf
CORMANN Mathias0,Broome,,05/07/2013,07/07/2013,$197.23,,http://www.finance.gov.au/sites/default/files/P34_CORMANN_Mathias0.pdf
MACDONALD Ian,Cairns,,06/07/2013,08/07/2013,$341.98,,http://www.finance.gov.au/sites/default/files/P34_MACDONALD_Ian.pdf
JOYCE Barnaby0,Roma,,07/07/2013,08/07/2013,$341.44,,http://www.finance.gov.au/sites/default/files/P34_JOYCE_Barnaby0.pdf
LUDLAM Scott,Geraldton,,09/07/2013,10/07/2013,$72.20,,http://www.finance.gov.au/sites/default/files/P34_LUDLAM_Scott.pdf
PRATT Louise,Geraldton,,09/07/2013,10/07/2013,$81.46,,http://www.finance.gov.au/sites/default/files/P35_PRATT_Louise.pdf
WHISH-WILSON Peter,King Island,,10/07/2013,,$78.18,,http://www.finance.gov.au/sites/default/files/P34_WHISH-WILSON_Peter.pdf
JOYCE Barnaby0,Coolangatta,Underwood,10/07/2013,11/07/2013,$114.86,,http://www.finance.gov.au/sites/default/files/P34_JOYCE_Barnaby0.pdf
WATERS Larissa,Cairns,,10/07/2013,12/07/2013,$178.50,,http://www.finance.gov.au/sites/default/files/P34_WATERS_Larissa.pdf
MACDONALD Ian,Mackay,,11/07/2013,12/07/2013,$87.53,,http://www.finance.gov.au/sites/default/files/P34_MACDONALD_Ian.pdf
BACK Chris,Albany,,11/07/2013,12/07/2013,$95.23,,http://www.finance.gov.au/sites/default/files/P34_BACK_Chris.pdf
BACK Chris,Kalgoorlie,,11/07/2013,,$97.28,,http://www.finance.gov.au/sites/default/files/P34_BACK_Chris.pdf
BOYCE Sue,Townsville,,13/07/2013,14/07/2013,$75.32,,http://www.finance.gov.au/sites/default/files/P34_BOYCE_Sue.pdf
CROOK Tony,Albany,,16/07/2013,18/07/2013,$154.24,,http://www.finance.gov.au/sites/default/files/P34_CROOK_Tony.pdf
LEY Sussan,Broken Hill,,16/07/2013,18/07/2013,$240.77,,http://www.finance.gov.au/sites/default/files/P34_LEY_Sussan.pdf
MACDONALD Ian,Cairns,,17/07/2013,18/07/2013,$105.38,,http://www.finance.gov.au/sites/default/files/P34_MACDONALD_Ian.pdf
EGGLESTON Alan,Port Hedland,,17/07/2013,18/07/2013,$190.19,,http://www.finance.gov.au/sites/default/files/P35_EGGLESTON_Alan.pdf
EGGLESTON Alan,Broome,,18/07/2013,19/07/2013,$74.21,,http://www.finance.gov.au/sites/default/files/P35_EGGLESTON_Alan.pdf
SIEWERT Rachel,Broome,,18/07/2013,,"$1,581.82",,http://www.finance.gov.au/sites/default/files/P35_SIEWERT_Rachel.pdf
PARRY Stephen,Launceston,,19/07/2013,20/07/2013,$174.17,,http://www.finance.gov.au/sites/default/files/P34_PARRY_Stephen.pdf
BOYCE Sue,Brisbane,Rockhampton,19/07/2013,24/07/2013,$829.70,,http://www.finance.gov.au/sites/default/files/P34_BOYCE_Sue.pdf
JOYCE Barnaby0,Brisbane,,21/07/2013,22/07/2013,$200.50,,http://www.finance.gov.au/sites/default/files/P34_JOYCE_Barnaby0.pdf
BACK Chris,Kalgoorlie,,22/07/2013,23/07/2013,$107.59,,http://www.finance.gov.au/sites/default/files/P34_BACK_Chris.pdf
ENTSCH Warren,Horn Island,,22/07/2013,25/07/2013,$354.55,,http://www.finance.gov.au/sites/default/files/P34_ENTSCH_Warren.pdf
NASH Fiona,Sydney,,23/07/2013,25/07/2013,$238.82,,http://www.finance.gov.au/sites/default/files/P34_NASH_Fiona.pdf
LUDLAM Scott,Albany,Perth,24/07/2013,27/07/2013,$542.83,,http://www.finance.gov.au/sites/default/files/P34_LUDLAM_Scott.pdf
FITZGIBBON Joel,Shepparton,Warrnambool,25/07/2013,,"$3,745.45",,http://www.finance.gov.au/sites/default/files/P34_FITZGIBBON_Joel.pdf
COLLINS Julie,Launceston,Hobart,25/07/2013,,"$7,250.00",,http://www.finance.gov.au/sites/default/files/P34_COLLINS_Julie.pdf
FITZGIBBON Joel,Warrnambool,Melbourne Essendon Airport,25/07/2013,,,,http://www.finance.gov.au/sites/default/files/P34_FITZGIBBON_Joel.pdf
GRAY Gary,Sydney,Karratha,26/07/2013,,"$54,570.00",,http://www.finance.gov.au/sites/default/files/P34_GRAY_Gary.pdf
BUSHBY David,Hobart,,28/07/2013,29/07/2013,$139.78,,http://www.finance.gov.au/sites/default/files/P34_BUSHBY_David.pdf
LUDLAM Scott,Perth,,29/07/2013,30/07/2013,$130.41,,http://www.finance.gov.au/sites/default/files/P34_LUDLAM_Scott.pdf
HOGG John,Longreach,Emerald,29/07/2013,30/07/2013,$701.62,,http://www.finance.gov.au/sites/default/files/P34_HOGG_John.pdf
GRAY Gary,Darwin,Uluru,30/07/2013,,"$10,692.73",,http://www.finance.gov.au/sites/default/files/P34_GRAY_Gary.pdf
GRAY Gary,Uluru,Darwin,31/07/2013,,,,http://www.finance.gov.au/sites/default/files/P34_GRAY_Gary.pdf
HOGG John,Bundaberg,,01/08/2013,,$54.41,,http://www.finance.gov.au/sites/default/files/P34_HOGG_John.pdf
KELLY Mike,Merimbula,,01/08/2013,,$90.90,,http://www.finance.gov.au/sites/default/files/P34_KELLY_Mike.pdf
NASH Fiona,Young,Parkes,01/08/2013,02/08/2013,$358.78,,http://www.finance.gov.au/sites/default/files/P34_NASH_Fiona.pdf
GALLACHER Alex,Adelaide,,04/08/2013,12/08/2013,"$1,480.83",,http://www.finance.gov.au/sites/default/files/P34_GALLACHER_Alex.pdf
PARRY Stephen,Launceston,Hobart,05/08/2013,06/08/2013,$209.10,,http://www.finance.gov.au/sites/default/files/P34_PARRY_Stephen.pdf
BACK Chris,Kalgoorlie,,06/08/2013,08/08/2013,$237.19,,http://www.finance.gov.au/sites/default/files/P34_BACK_Chris.pdf
MACDONALD Ian,Boulia,Mount Isa,08/08/2013,,$77.45,,http://www.finance.gov.au/sites/default/files/P35_MACDONALD_Ian.pdf
MACKLIN Jenny,Cairns,Gove,09/08/2013,,"$14,320.00",,http://www.finance.gov.au/sites/default/files/P34_MACKLIN_Jenny.pdf
MACKLIN Jenny,Gove,Cairns,09/08/2013,,,,http://www.finance.gov.au/sites/default/files/P34_MACKLIN_Jenny.pdf
KELLY Mike,Merimbula,,13/08/2013,,$81.72,,http://www.finance.gov.au/sites/default/files/P34_KELLY_Mike.pdf
EGGLESTON Alan,Port Hedland,,13/08/2013,14/08/2013,$111.45,,http://www.finance.gov.au/sites/default/files/P35_EGGLESTON_Alan.pdf
KELLY Mike,Canberra,Merimbula,13/08/2013,,"$2,736.36",,http://www.finance.gov.au/sites/default/files/P34_KELLY_Mike.pdf
KELLY Mike,Merimbula,Canberra,13/08/2013,,,,http://www.finance.gov.au/sites/default/files/P34_KELLY_Mike.pdf
MCEWEN Anne,Mount Gambier,,14/08/2013,15/08/2013,$211.89,,http://www.finance.gov.au/sites/default/files/P34_MCEWEN_Anne.pdf
BACK Chris,Kalgoorlie,,15/08/2013,16/08/2013,$126.06,,http://www.finance.gov.au/sites/default/files/P34_BACK_Chris.pdf
BACK Chris,Esperance,,16/08/2013,18/08/2013,$150.08,,http://www.finance.gov.au/sites/default/files/P34_BACK_Chris.pdf
PARRY Stephen,Hobart,Launceston,16/08/2013,,$152.41,,http://www.finance.gov.au/sites/default/files/P34_PARRY_Stephen.pdf
EGGLESTON Alan,Perth,Esperance,17/08/2013,,"-$2,457.00","<i>*</i>",http://www.finance.gov.au/sites/default/files/P34_EGGLESTON_Alan.pdf
EGGLESTON Alan,Perth,Esperance,17/08/2013,,"-$1,001.00","<i>**</i>",http://www.finance.gov.au/sites/default/files/P34_EGGLESTON_Alan.pdf
EGGLESTON Alan,Perth,Esperance,17/08/2013,,"-$1,001.00","<i>**</i>",http://www.finance.gov.au/sites/default/files/P34_EGGLESTON_Alan.pdf
FAULKNER John,Lismore,,17/08/2013,18/08/2013,$134.98,,http://www.finance.gov.au/sites/default/files/P34_FAULKNER_John.pdf
BISHOP Julie,Perth,Esperance,17/08/2013,,"$1,001.00",,http://www.finance.gov.au/sites/default/files/P34_BISHOP_Julie.pdf
BISHOP Julie,Esperance,Perth,17/08/2013,,,,http://www.finance.gov.au/sites/default/files/P34_BISHOP_Julie.pdf
EGGLESTON Alan,Esperance,Perth,17/08/2013,,,,http://www.finance.gov.au/sites/default/files/P34_EGGLESTON_Alan.pdf
EGGLESTON Alan,Esperance,Perth,17/08/2013,,,,http://www.finance.gov.au/sites/default/files/P34_EGGLESTON_Alan.pdf
EGGLESTON Alan,Esperance,Perth,17/08/2013,,,,http://www.finance.gov.au/sites/default/files/P34_EGGLESTON_Alan.pdf
CROSSIN Trish,Alice Springs,,18/08/2013,20/08/2013,$198.65,,http://www.finance.gov.au/sites/default/files/P34_CROSSIN_Trish.pdf
HANSON-YOUNG Sarah,Mount Gambier,,20/08/2013,,$82.66,,http://www.finance.gov.au/sites/default/files/P35_HANSON-YOUNG_Sarah.pdf
HANSON-YOUNG Sarah,Adelaide,Mount Gambier,20/08/2013,,"$8,335.45",,http://www.finance.gov.au/sites/default/files/P35_HANSON-YOUNG_Sarah.pdf
HANSON-YOUNG Sarah,Mount Gambier,Adelaide,20/08/2013,,,,http://www.finance.gov.au/sites/default/files/P35_HANSON-YOUNG_Sarah.pdf
KING Catherine,Gladstone,Thangool,21/08/2013,,"$1,230.00",,http://www.finance.gov.au/sites/default/files/P34_KING_Catherine.pdf
KING Catherine,Thangool,Gladstone,21/08/2013,,,,http://www.finance.gov.au/sites/default/files/P34_KING_Catherine.pdf
ENTSCH Warren,Thursday Island,Horn Island,22/08/2013,,$20.45,,http://www.finance.gov.au/sites/default/files/P35_ENTSCH_Warren.pdf
PRATT Louise,Geraldton,,22/08/2013,23/08/2013,$66.34,,http://www.finance.gov.au/sites/default/files/P35_PRATT_Louise.pdf
LEY Sussan,Broken Hill,Mildura,23/08/2013,24/08/2013,$571.45,,http://www.finance.gov.au/sites/default/files/P34_LEY_Sussan.pdf
BOYCE Sue,Cairns,,26/08/2013,27/08/2013,$158.90,,http://www.finance.gov.au/sites/default/files/P34_BOYCE_Sue.pdf
PARRY Stephen,Launceston,,26/08/2013,27/08/2013,$210.65,,http://www.finance.gov.au/sites/default/files/P34_PARRY_Stephen.pdf
TRUSS Warren,Sydney,Canberra,29/08/2013,,-$588.18,"<i>*</i>",http://www.finance.gov.au/sites/default/files/P34_TRUSS_Warren.pdf
TRUSS Warren,Sydney,Canberra,29/08/2013,,-$588.18,"<i>*</i>",http://www.finance.gov.au/sites/default/files/P34_TRUSS_Warren.pdf
BACK Chris,Kalgoorlie,,30/08/2013,31/08/2013,$115.79,,http://www.finance.gov.au/sites/default/files/P34_BACK_Chris.pdf
BACK Chris,Albany,,31/08/2013,01/09/2013,$89.54,,http://www.finance.gov.au/sites/default/files/P34_BACK_Chris.pdf
O'DOWD Ken,Rockhampton,Gladstone,31/08/2013,01/09/2013,$223.56,,http://www.finance.gov.au/sites/default/files/P34_O'DOWD_Ken.pdf
LUDLAM Scott,Perth,Margaret River,01/09/2013,,"$1,900.00",,http://www.finance.gov.au/sites/default/files/P34_LUDLAM_Scott.pdf
MOORE Claire,Horn Island,Boigu Island,03/09/2013,,"$7,850.00",,http://www.finance.gov.au/sites/default/files/P34_MOORE_Claire.pdf
MOORE Claire,Boigu Island,Mabuiag Island,03/09/2013,,,,http://www.finance.gov.au/sites/default/files/P34_MOORE_Claire.pdf
MOORE Claire,Mabuiag Island,Horn Island,03/09/2013,,,,http://www.finance.gov.au/sites/default/files/P34_MOORE_Claire.pdf
KELLY Mike,Merimbula,,04/09/2013,,$107.19,,http://www.finance.gov.au/sites/default/files/P34_KELLY_Mike.pdf
BACK Chris,Kalgoorlie,,04/09/2013,08/09/2013,$495.73,,http://www.finance.gov.au/sites/default/files/P34_BACK_Chris.pdf
KELLY Mike,Canberra,Merimbula,04/09/2013,,"$1,838.27",,http://www.finance.gov.au/sites/default/files/P34_KELLY_Mike.pdf
KELLY Mike,Merimbula,Canberra,04/09/2013,,,,http://www.finance.gov.au/sites/default/files/P34_KELLY_Mike.pdf
MOORE Claire,Horn Island,Yam Island,04/09/2013,,,,http://www.finance.gov.au/sites/default/files/P34_MOORE_Claire.pdf
MOORE Claire,Yam Island,Sue Island,04/09/2013,,,,http://www.finance.gov.au/sites/default/files/P34_MOORE_Claire.pdf
MOORE Claire,Sue Island,Horn Island,04/09/2013,,,,http://www.finance.gov.au/sites/default/files/P34_MOORE_Claire.pdf
MOORE Claire,Horn Island,Dajarra,05/09/2013,,,,http://www.finance.gov.au/sites/default/files/P34_MOORE_Claire.pdf
MOORE Claire,Dajarra,Kubin Island,05/09/2013,,,,http://www.finance.gov.au/sites/default/files/P34_MOORE_Claire.pdf
EDWARDS Sean,Adelaide,Millicent,11/09/2013,,"$2,015.00",,http://www.finance.gov.au/sites/default/files/P34_EDWARDS_Sean.pdf
EDWARDS Sean,Millicent,Adelaide,11/09/2013,,,,http://www.finance.gov.au/sites/default/files/P34_EDWARDS_Sean.pdf
POLLEY Helen,Launceston,Hobart,17/09/2013,,"$2,530.00",,http://www.finance.gov.au/sites/default/files/P34_POLLEY_Helen.pdf
POLLEY Helen,Hobart,Launceston,17/09/2013,,,,http://www.finance.gov.au/sites/default/files/P34_POLLEY_Helen.pdf
RAMSEY Rowan,Whyalla,,18/09/2013,,$98.33,,http://www.finance.gov.au/sites/default/files/P34_RAMSEY_Rowan.pdf
ABETZ Eric,Hobart,Launceston,27/09/2013,,"$1,727.27",,http://www.finance.gov.au/sites/default/files/P34_ABETZ_Eric.pdf
POLLEY Helen,Launceston,Hobart,27/09/2013,,"$2,530.00",,http://www.finance.gov.au/sites/default/files/P34_POLLEY_Helen.pdf
ABETZ Eric,Launceston,Hobart,27/09/2013,,,,http://www.finance.gov.au/sites/default/files/P34_ABETZ_Eric.pdf
POLLEY Helen,Hobart,Launceston,27/09/2013,,,,http://www.finance.gov.au/sites/default/files/P34_POLLEY_Helen.pdf
PERIS Nova,Darwin,Garden Point,02/10/2013,,"$2,090.91",,http://www.finance.gov.au/sites/default/files/P34_PERIS_Nova.pdf
PERIS Nova,Garden Point,Darwin,04/10/2013,,"$3,409.09",,http://www.finance.gov.au/sites/default/files/P34_PERIS_Nova.pdf
WILSON Rick,Kalgoorlie,,10/10/2013,11/10/2013,$157.58,,http://www.finance.gov.au/sites/default/files/P34_WILSON_Rick.pdf
JOYCE Barnaby1,Townsville,Mount Isa,12/10/2013,,"$23,260.00",,http://www.finance.gov.au/sites/default/files/P34_JOYCE_Barnaby1.pdf
JOYCE Barnaby1,Mount Isa,George Town,12/10/2013,,,,http://www.finance.gov.au/sites/default/files/P34_JOYCE_Barnaby1.pdf
JOYCE Barnaby1,George Town,Longreach,12/10/2013,,,,http://www.finance.gov.au/sites/default/files/P34_JOYCE_Barnaby1.pdf
JOYCE Barnaby1,Longreach,Cairns,13/10/2013,,,,http://www.finance.gov.au/sites/default/files/P34_JOYCE_Barnaby1.pdf
ENTSCH Warren,Horn Island,Thursday Island,17/10/2013,,$20.45,,http://www.finance.gov.au/sites/default/files/P35_ENTSCH_Warren.pdf
ENTSCH Warren,Thursday Island,,17/10/2013,18/10/2013,$109.09,,http://www.finance.gov.au/sites/default/files/P35_ENTSCH_Warren.pdf
ENTSCH Warren,Thursday Island,Horn Island,18/10/2013,,$20.45,,http://www.finance.gov.au/sites/default/files/P35_ENTSCH_Warren.pdf
PERIS Nova,Darwin,Bathurst Island,18/10/2013,,"$1,942.50",,http://www.finance.gov.au/sites/default/files/P34_PERIS_Nova.pdf
PERIS Nova,Bathurst Island,Darwin,18/10/2013,,,,http://www.finance.gov.au/sites/default/files/P34_PERIS_Nova.pdf
LEY Sussan,Broken Hill,,28/10/2013,30/10/2013,$408.30,,http://www.finance.gov.au/sites/default/files/P34_LEY_Sussan.pdf
PARRY Stephen,Launceston,Hobart,29/10/2013,30/10/2013,$96.78,,http://www.finance.gov.au/sites/default/files/P34_PARRY_Stephen.pdf
TUDGE Alan,Alice Springs,Yuendumu,29/10/2013,,"$3,411.93",,http://www.finance.gov.au/sites/default/files/P34_TUDGE_Alan.pdf
TUDGE Alan,Yuendumu,Alice Springs,29/10/2013,,,,http://www.finance.gov.au/sites/default/files/P34_TUDGE_Alan.pdf
URQUHART Anne,Devonport,Hobart,02/11/2013,03/11/2013,$112.86,,http://www.finance.gov.au/sites/default/files/P34_URQUHART_Anne.pdf
WILSON Rick,Kalgoorlie,,03/11/2013,04/11/2013,$95.61,,http://www.finance.gov.au/sites/default/files/P34_WILSON_Rick.pdf
KATTER Bob,Mission Beach,Townsville,09/11/2013,,$881.05,,http://www.finance.gov.au/sites/default/files/P34_KATTER_Bob.pdf
PASIN Tony,Mount Gambier,Renmark,09/11/2013,,"$2,380.00",,http://www.finance.gov.au/sites/default/files/P34_PASIN_Tony.pdf
PASIN Tony,Renmark,Mount Gambier,09/11/2013,,,,http://www.finance.gov.au/sites/default/files/P34_PASIN_Tony.pdf
CHESTER Darren,Lakes Entrance,Canberra,11/11/2013,,"$1,052.16",,http://www.finance.gov.au/sites/default/files/P34_CHESTER_Darren.pdf
CHESTER Darren,Canberra,Lakes Entrance,14/11/2013,,,,http://www.finance.gov.au/sites/default/files/P34_CHESTER_Darren.pdf
CHESTER Darren,Bairnsdale,Canberra,18/11/2013,,"$4,208.64",,http://www.finance.gov.au/sites/default/files/P34_CHESTER_Darren.pdf
CHESTER Darren,Canberra,Bairnsdale,21/11/2013,,,,http://www.finance.gov.au/sites/default/files/P34_CHESTER_Darren.pdf
KROGER Helen,Melbourne Essendon Airport,Albury,25/11/2013,,"$3,450.00",,http://www.finance.gov.au/sites/default/files/P34_KROGER_Helen.pdf
KROGER Helen,Albury,Melbourne Essendon Airport,25/11/2013,,,,http://www.finance.gov.au/sites/default/files/P34_KROGER_Helen.pdf
RAMSEY Rowan,Whyalla,Port Lincoln,26/11/2013,,"$1,061.45",,http://www.finance.gov.au/sites/default/files/P34_RAMSEY_Rowan.pdf
RAMSEY Rowan,Port Lincoln,Whyalla,26/11/2013,,,,http://www.finance.gov.au/sites/default/files/P34_RAMSEY_Rowan.pdf
WILSON Rick,Esperance,,27/11/2013,28/11/2013,$75.56,,http://www.finance.gov.au/sites/default/files/P34_WILSON_Rick.pdf
PARRY Stephen,Launceston,Hobart,27/11/2013,28/11/2013,$173.59,,http://www.finance.gov.au/sites/default/files/P34_PARRY_Stephen.pdf
RAMSEY Rowan,Minlaton,Adelaide,28/11/2013,,"$1,045.45",,http://www.finance.gov.au/sites/default/files/P34_RAMSEY_Rowan.pdf
SCOTT Bruce,Dalby,Brisbane,01/12/2013,,"$2,095.00",,http://www.finance.gov.au/sites/default/files/P34_SCOTT_Bruce.pdf
CHESTER Darren,Lakes Entrance,Canberra,03/12/2013,,"$2,104.32",,http://www.finance.gov.au/sites/default/files/P34_CHESTER_Darren.pdf
FIERRAVANTI-WELLS Concetta,Armidale,,15/12/2013,,$55.19,,http://www.finance.gov.au/sites/default/files/P35_FIERRAVANTI-WELLS_Concetta.pdf
RAMSEY Rowan,Kimba,Jamestown,15/12/2013,,"$1,342.55",,http://www.finance.gov.au/sites/default/files/P34_RAMSEY_Rowan.pdf
KATTER Bob,Ingham,Cardwell,16/12/2013,,"$1,350.00",,http://www.finance.gov.au/sites/default/files/P34_KATTER_Bob.pdf
KATTER Bob,Cardwell,Ingham,16/12/2013,,,,http://www.finance.gov.au/sites/default/files/P34_KATTER_Bob.pdf
POLLEY Helen,Launceston,Smithton,18/12/2013,,"$2,454.55",,http://www.finance.gov.au/sites/default/files/P34_POLLEY_Helen.pdf
MACFARLANE Ian,Toowoomba,Canberra,18/12/2013,,"$11,463.64",,http://www.finance.gov.au/sites/default/files/P34_MACFARLANE_Ian.pdf
MACFARLANE Ian,Canberra,Toowoomba,18/12/2013,,,,http://www.finance.gov.au/sites/default/files/P34_MACFARLANE_Ian.pdf
POLLEY Helen,Smithton,Launceston,18/12/2013,,,,http://www.finance.gov.au/sites/default/files/P34_POLLEY_Helen.pdf
PARRY Stephen,Launceston,Hobart,19/12/2013,21/12/2013,$177.79,,http://www.finance.gov.au/sites/default/files/P35_PARRY_Stephen.pdf
WILSON Rick,Albany,Bruce Rock,19/12/2013,,"$2,150.00",,http://www.finance.gov.au/sites/default/files/P34_WILSON_Rick.pdf
WILSON Rick,Bruce Rock,Albany,19/12/2013,,,,http://www.finance.gov.au/sites/default/files/P34_WILSON_Rick.pdf
ENTSCH Warren,Horn Island,Thursday Island,20/12/2013,22/12/2013,$236.36,,http://www.finance.gov.au/sites/default/files/P34_ENTSCH_Warren.pdf
ENTSCH Warren,Horn Island,Yam Island,20/12/2013,,"$1,627.45",,http://www.finance.gov.au/sites/default/files/P34_ENTSCH_Warren.pdf
ENTSCH Warren,Yam Island,Thursday Island,20/12/2013,,,,http://www.finance.gov.au/sites/default/files/P34_ENTSCH_Warren.pdf
SCULLION Nigel,Darwin,Oenpelli,06/01/2014,,"$3,886.36",,http://www.finance.gov.au/sites/default/files/P34_SCULLION_Nigel.pdf
SCULLION Nigel,Oenpelli,Darwin,06/01/2014,,,,http://www.finance.gov.au/sites/default/files/P34_SCULLION_Nigel.pdf
SCULLION Nigel,Darwin,Oenpelli,07/01/2014,,,,http://www.finance.gov.au/sites/default/files/P34_SCULLION_Nigel.pdf
SCULLION Nigel,Oenpelli,Darwin,07/01/2014,,,,http://www.finance.gov.au/sites/default/files/P34_SCULLION_Nigel.pdf
SCULLION Nigel,Essendon,Swan Hill,16/01/2014,,"$4,200.00",,http://www.finance.gov.au/sites/default/files/P34_SCULLION_Nigel.pdf
COLBECK Richard,Latrobe,,16/01/2014,,"$10,200.00",,http://www.finance.gov.au/sites/default/files/P35_COLBECK_Richard.pdf
SCULLION Nigel,Swan Hill,Robinvale,16/01/2014,,,,http://www.finance.gov.au/sites/default/files/P34_SCULLION_Nigel.pdf
SCULLION Nigel,Robinvale,Mildura,16/01/2014,,,,http://www.finance.gov.au/sites/default/files/P34_SCULLION_Nigel.pdf
SCULLION Nigel,Mildura,Shepparton,16/01/2014,,,,http://www.finance.gov.au/sites/default/files/P34_SCULLION_Nigel.pdf
SCULLION Nigel,Shepparton,Essendon,16/01/2014,,,,http://www.finance.gov.au/sites/default/files/P34_SCULLION_Nigel.pdf
BROAD Andrew,Mildura,Nhill,18/01/2014,,"$1,409.09",,http://www.finance.gov.au/sites/default/files/P34_BROAD_Andrew.pdf
BROAD Andrew,Nhill,Stawell,18/01/2014,,,,http://www.finance.gov.au/sites/default/files/P34_BROAD_Andrew.pdf
BROAD Andrew,Stawell,Mildura,18/01/2014,,,,http://www.finance.gov.au/sites/default/files/P34_BROAD_Andrew.pdf
SCULLION Nigel,Darwin,Elcho Island,20/01/2014,,"$5,070.00",,http://www.finance.gov.au/sites/default/files/P34_SCULLION_Nigel.pdf
SCULLION Nigel,Elcho Island,Maningrida,20/01/2014,,,,http://www.finance.gov.au/sites/default/files/P34_SCULLION_Nigel.pdf
PASIN Tony,Mount Gambier,Waikerie,26/01/2014,,"$4,890.00",,http://www.finance.gov.au/sites/default/files/P34_PASIN_Tony.pdf
ENTSCH Warren,Weipa,Cairns,26/01/2014,,"$5,100.00",,http://www.finance.gov.au/sites/default/files/P34_ENTSCH_Warren.pdf
PASIN Tony,Waikerie,Adelaide,26/01/2014,,,,http://www.finance.gov.au/sites/default/files/P34_PASIN_Tony.pdf
BROAD Andrew,Mildura,Horsham,28/01/2014,,"$1,272.73",,http://www.finance.gov.au/sites/default/files/P34_BROAD_Andrew.pdf
BROAD Andrew,Horsham,Mildura,28/01/2014,,,,http://www.finance.gov.au/sites/default/files/P34_BROAD_Andrew.pdf
RAMSEY Rowan,Port Augusta,Port Lincoln,29/01/2014,,-$336.36,"<i>*</i>",http://www.finance.gov.au/sites/default/files/P34_RAMSEY_Rowan.pdf
RAMSEY Rowan,Port Augusta,Port Lincoln,29/01/2014,,"$7,073.18",,http://www.finance.gov.au/sites/default/files/P34_RAMSEY_Rowan.pdf
RAMSEY Rowan,Port Lincoln,Port Pirie,29/01/2014,,,,http://www.finance.gov.au/sites/default/files/P34_RAMSEY_Rowan.pdf
RAMSEY Rowan,Port Pirie,Coober Pedy,29/01/2014,,,,http://www.finance.gov.au/sites/default/files/P34_RAMSEY_Rowan.pdf
RAMSEY Rowan,Port Lincoln,Port Pirie,29/01/2014,,,,http://www.finance.gov.au/sites/default/files/P34_RAMSEY_Rowan.pdf
RAMSEY Rowan,Port Pirie,Coober Pedy,29/01/2014,,,,http://www.finance.gov.au/sites/default/files/P34_RAMSEY_Rowan.pdf
MACDONALD Ian,Townsville,,30/01/2014,,$81.49,,http://www.finance.gov.au/sites/default/files/P34_MACDONALD_Ian.pdf
RAMSEY Rowan,Coober Pedy,Marla,30/01/2014,,,,http://www.finance.gov.au/sites/default/files/P34_RAMSEY_Rowan.pdf
RAMSEY Rowan,Marla,Fregon,30/01/2014,,,,http://www.finance.gov.au/sites/default/files/P34_RAMSEY_Rowan.pdf
RAMSEY Rowan,Fregon,Coober Pedy,30/01/2014,,,,http://www.finance.gov.au/sites/default/files/P34_RAMSEY_Rowan.pdf
RAMSEY Rowan,Coober Pedy,Port Pirie,30/01/2014,,,,http://www.finance.gov.au/sites/default/files/P34_RAMSEY_Rowan.pdf
RAMSEY Rowan,Coober Pedy,Marla,30/01/2014,,,,http://www.finance.gov.au/sites/default/files/P34_RAMSEY_Rowan.pdf
BROAD Andrew,Mildura,Swan Hill,31/01/2014,,"$1,907.27",,http://www.finance.gov.au/sites/default/files/P34_BROAD_Andrew.pdf
BROAD Andrew,Swan Hill,Horsham,31/01/2014,,,,http://www.finance.gov.au/sites/default/files/P34_BROAD_Andrew.pdf
WILLIAMS John,Sydney,Inverell,01/02/2014,,"$3,136.36",,http://www.finance.gov.au/sites/default/files/P34_WILLIAMS_John.pdf
BROAD Andrew,Horsham,Mildura,01/02/2014,,,,http://www.finance.gov.au/sites/default/files/P34_BROAD_Andrew.pdf
WILSON Rick,Albany,Kalgoorlie,03/02/2014,06/02/2014,"$1,008.58",,http://www.finance.gov.au/sites/default/files/P34_WILSON_Rick.pdf
BROAD Andrew,Mildura,Swan Hill,03/02/2014,,"$1,342.73",,http://www.finance.gov.au/sites/default/files/P34_BROAD_Andrew.pdf
CARR Kim,Melbourne Essendon Airport,Shepparton,03/02/2014,,"$4,400.00",,http://www.finance.gov.au/sites/default/files/P34_CARR_Kim.pdf
BROAD Andrew,Swan Hill,Horsham,03/02/2014,,,,http://www.finance.gov.au/sites/default/files/P34_BROAD_Andrew.pdf
BROAD Andrew,Horsham,Mildura,03/02/2014,,,,http://www.finance.gov.au/sites/default/files/P34_BROAD_Andrew.pdf
CARR Kim,Shepparton,Melbourne Essendon Airport,03/02/2014,,,,http://www.finance.gov.au/sites/default/files/P34_CARR_Kim.pdf
PERIS Nova,Darwin,Garden Point,05/02/2014,,"$3,018.18",,http://www.finance.gov.au/sites/default/files/P34_PERIS_Nova.pdf
PERIS Nova,Garden Point,Darwin,05/02/2014,,,,http://www.finance.gov.au/sites/default/files/P34_PERIS_Nova.pdf
CORMANN Mathias0,Karratha,,06/02/2014,07/02/2014,$116.66,,http://www.finance.gov.au/sites/default/files/P34_CORMANN_Mathias0.pdf
WILSON Rick,Kalgoorlie,Southern Cross,06/02/2014,,"$5,272.73",,http://www.finance.gov.au/sites/default/files/P34_WILSON_Rick.pdf
PYNE Christopher,Cairns,Bamaga,06/02/2014,,"$7,263.64",,http://www.finance.gov.au/sites/default/files/P34_PYNE_Christopher.pdf
PYNE Christopher,Bamaga,Cairns,06/02/2014,,,,http://www.finance.gov.au/sites/default/files/P34_PYNE_Christopher.pdf
WILSON Rick,Southern Cross,Albany,06/02/2014,,,,http://www.finance.gov.au/sites/default/files/P34_WILSON_Rick.pdf
SNOWDON Warren,Darwin,Gove,07/02/2014,,"$5,454.55",,http://www.finance.gov.au/sites/default/files/P34_SNOWDON_Warren.pdf
SNOWDON Warren,Gove,Darwin,07/02/2014,,,,http://www.finance.gov.au/sites/default/files/P34_SNOWDON_Warren.pdf
MACDONALD Ian,Maroochydore,Brisbane,08/02/2014,09/02/2014,$18.75,,http://www.finance.gov.au/sites/default/files/P34_MACDONALD_Ian.pdf
MACDONALD Ian,Maroochydore,Brisbane,08/02/2014,09/02/2014,$295.79,,http://www.finance.gov.au/sites/default/files/P34_MACDONALD_Ian.pdf
NASH Fiona,Cowra,Sydney,14/02/2014,,"$5,090.00",,http://www.finance.gov.au/sites/default/files/P34_NASH_Fiona.pdf
TRUSS Warren,Canberra,Warrnambool,14/02/2014,,"$8,145.45",,http://www.finance.gov.au/sites/default/files/P34_TRUSS_Warren.pdf
NASH Fiona,Sydney,Cowra,14/02/2014,,,,http://www.finance.gov.au/sites/default/files/P34_NASH_Fiona.pdf
TRUSS Warren,Warrnambool,Canberra,14/02/2014,,,,http://www.finance.gov.au/sites/default/files/P34_TRUSS_Warren.pdf
BERNARDI Cory,Port Lincoln,,15/02/2014,,$173.60,,http://www.finance.gov.au/sites/default/files/P34_BERNARDI_Cory.pdf
LEY Sussan,Broken Hill,,16/02/2014,17/02/2014,$175.16,,http://www.finance.gov.au/sites/default/files/P34_LEY_Sussan.pdf
MILNE Christine,Devonport,Hobart,16/02/2014,18/02/2014,$296.60,,http://www.finance.gov.au/sites/default/files/P34_MILNE_Christine.pdf
LEY Sussan,Albury,Broken Hill,16/02/2014,,"$1,536.00",,http://www.finance.gov.au/sites/default/files/P34_LEY_Sussan.pdf
BERNARDI Cory,Port Lincoln,Arno Bay,16/02/2014,,,,http://www.finance.gov.au/sites/default/files/P34_BERNARDI_Cory.pdf
BERNARDI Cory,Arno Bay,Port Lincoln,16/02/2014,,,,http://www.finance.gov.au/sites/default/files/P34_BERNARDI_Cory.pdf
NASH Fiona,Uluru,,17/02/2014,18/02/2014,$72.89,,http://www.finance.gov.au/sites/default/files/P35_NASH_Fiona.pdf
LUDWIG Joe,Brisbane Airport,Goondiwindi,17/02/2014,,$969.82,,http://www.finance.gov.au/sites/default/files/P34_LUDWIG_Joe.pdf
NASH Fiona,Alice Springs,Uluru,17/02/2014,,"$7,140.00",,http://www.finance.gov.au/sites/default/files/P34_NASH_Fiona.pdf
LEY Sussan,Broken Hill,Albury,17/02/2014,,,,http://www.finance.gov.au/sites/default/files/P34_LEY_Sussan.pdf
NASH Fiona,Uluru,Alice Springs,17/02/2014,,,,http://www.finance.gov.au/sites/default/files/P34_NASH_Fiona.pdf
NASH Fiona,Alice Springs,Kintore Airport,18/02/2014,,,,http://www.finance.gov.au/sites/default/files/P34_NASH_Fiona.pdf
NASH Fiona,Kintore Airport,Alice Springs,18/02/2014,,,,http://www.finance.gov.au/sites/default/files/P34_NASH_Fiona.pdf
SMITH Dean,Albany,,19/02/2014,,$80.00,,http://www.finance.gov.au/sites/default/files/P34_SMITH_Dean.pdf
LUDWIG Joe,Brisbane Airport,St George,19/02/2014,,"$1,309.09",,http://www.finance.gov.au/sites/default/files/P34_LUDWIG_Joe.pdf
ENTSCH Warren,Cooktown,,20/02/2014,,$118.18,,http://www.finance.gov.au/sites/default/files/P34_ENTSCH_Warren.pdf
NASH Fiona,Cairns,,20/02/2014,21/02/2014,$193.16,,http://www.finance.gov.au/sites/default/files/P35_NASH_Fiona.pdf
WILSON Rick,Kalgoorlie,,21/02/2014,22/02/2014,$80.21,,http://www.finance.gov.au/sites/default/files/P34_WILSON_Rick.pdf
MACDONALD Ian,Cairns,,23/02/2014,,$177.00,,http://www.finance.gov.au/sites/default/files/P34_MACDONALD_Ian.pdf
MACDONALD Ian,Brisbane,,28/02/2014,02/03/2014,$304.90,,http://www.finance.gov.au/sites/default/files/P34_MACDONALD_Ian.pdf
BACK Chris,Perth,Kalgoorlie,01/03/2014,,"$3,000.00",,http://www.finance.gov.au/sites/default/files/P34_BACK_Chris.pdf
WILSON Rick,Perth,Kalgoorlie,01/03/2014,,"$3,000.00",,http://www.finance.gov.au/sites/default/files/P34_WILSON_Rick.pdf
BACK Chris,Kalgoorlie,Perth,01/03/2014,,,,http://www.finance.gov.au/sites/default/files/P34_BACK_Chris.pdf
WILSON Rick,Kalgoorlie,Perth,01/03/2014,,,,http://www.finance.gov.au/sites/default/files/P34_WILSON_Rick.pdf
PAYNE Marise,Canberra,Armidale,04/03/2014,,"$6,964.45",,http://www.finance.gov.au/sites/default/files/P34_PAYNE_Marise.pdf
O'SULLIVAN Barry,Townsville,,09/03/2014,10/03/2014,$198.13,,http://www.finance.gov.au/sites/default/files/P35_O'SULLIVAN_Barry.pdf
PYNE Christopher,Perth,Mandurah,10/03/2014,,"-$1,097.76","<i>*</i>",http://www.finance.gov.au/sites/default/files/P34_PYNE_Christopher.pdf
SMITH Dean,Albany,,10/03/2014,11/03/2014,$100.00,,http://www.finance.gov.au/sites/default/files/P34_SMITH_Dean.pdf
PYNE Christopher,Perth,Mandurah,10/03/2014,,"$3,800.00",,http://www.finance.gov.au/sites/default/files/P34_PYNE_Christopher.pdf
PYNE Christopher,Mandurah,Albany,10/03/2014,,,,http://www.finance.gov.au/sites/default/files/P34_PYNE_Christopher.pdf
PYNE Christopher,Albany,Perth,10/03/2014,,,,http://www.finance.gov.au/sites/default/files/P34_PYNE_Christopher.pdf
PYNE Christopher,Mandurah,Albany,10/03/2014,,,,http://www.finance.gov.au/sites/default/files/P34_PYNE_Christopher.pdf
PYNE Christopher,Albany,Perth,10/03/2014,,,,http://www.finance.gov.au/sites/default/files/P34_PYNE_Christopher.pdf
LUDWIG Joe,Gold Coast,Roma,11/03/2014,,"$2,840.73",,http://www.finance.gov.au/sites/default/files/P34_LUDWIG_Joe.pdf
RONALDSON Michael,Perth,Albany,11/03/2014,,"$4,915.00",,http://www.finance.gov.au/sites/default/files/P34_RONALDSON_Michael.pdf
TRUSS Warren,Maryborough,Boulia,11/03/2014,,"$16,190.91",,http://www.finance.gov.au/sites/default/files/P34_TRUSS_Warren.pdf
LUDWIG Joe,Roma,Gold Coast,11/03/2014,,,,http://www.finance.gov.au/sites/default/files/P34_LUDWIG_Joe.pdf
TRUSS Warren,Boulia,Maryborough,11/03/2014,,,,http://www.finance.gov.au/sites/default/files/P34_TRUSS_Warren.pdf
RONALDSON Michael,Albany,Perth,11/03/2014,,,,http://www.finance.gov.au/sites/default/files/P34_RONALDSON_Michael.pdf
LEY Sussan,Broken Hill,White Cliffs,12/03/2014,,"$1,077.27",,http://www.finance.gov.au/sites/default/files/P34_LEY_Sussan.pdf
KATTER Bob,Charters Towers,Mareeba,12/03/2014,,"$3,025.00",,http://www.finance.gov.au/sites/default/files/P34_KATTER_Bob.pdf
LEY Sussan,White Cliffs,Wanaaring,12/03/2014,,,,http://www.finance.gov.au/sites/default/files/P34_LEY_Sussan.pdf
KATTER Bob,Mareeba,Charters Towers,12/03/2014,,,,http://www.finance.gov.au/sites/default/files/P34_KATTER_Bob.pdf
LUDWIG Joe,Gold Coast,Chinchilla,12/03/2014,,,,http://www.finance.gov.au/sites/default/files/P34_LUDWIG_Joe.pdf
LUDWIG Joe,Chinchilla,Gold Coast,12/03/2014,,,,http://www.finance.gov.au/sites/default/files/P34_LUDWIG_Joe.pdf
PRICE Melissa,Karratha,,14/03/2014,,$96.37,,http://www.finance.gov.au/sites/default/files/P35_PRICE_Melissa.pdf
O'DOWD Ken,Gladstone,Emerald,14/03/2014,,"$1,760.00",,http://www.finance.gov.au/sites/default/files/P34_O'DOWD_Ken.pdf
NASH Fiona,Cowra,Sydney,15/03/2014,,"$3,131.82",,http://www.finance.gov.au/sites/default/files/P34_NASH_Fiona.pdf
CHESTER Darren,Lakes Entrance,Canberra,24/03/2014,,"$2,104.32",,http://www.finance.gov.au/sites/default/files/P35_CHESTER_Darren.pdf
PRATT Louise,Broome,,26/03/2014,28/03/2014,$754.27,,http://www.finance.gov.au/sites/default/files/P34_PRATT_Louise.pdf
JOHNSTON David,Jandakot,Busselton,27/03/2014,,"-$1,630.00","<i>*</i>",http://www.finance.gov.au/sites/default/files/P34_JOHNSTON_David.pdf
BALDWIN Bob,Perth,Soloman Hub,27/03/2014,,"$1,480.00",,http://www.finance.gov.au/sites/default/files/P35_BALDWIN_Bob.pdf
JOHNSTON David,Jandakot,Busselton,27/03/2014,,"$4,890.00",,http://www.finance.gov.au/sites/default/files/P34_JOHNSTON_David.pdf
LUDLAM Scott,Perth,Manjimup,27/03/2014,,"$7,770.00",,http://www.finance.gov.au/sites/default/files/P34_LUDLAM_Scott.pdf
JOHNSTON David,Busselton,Jandakot,27/03/2014,,,,http://www.finance.gov.au/sites/default/files/P34_JOHNSTON_David.pdf
JOHNSTON David,Busselton,Jandakot,27/03/2014,,,,http://www.finance.gov.au/sites/default/files/P34_JOHNSTON_David.pdf
LUDLAM Scott,Manjimup,Bunbury,27/03/2014,,,,http://www.finance.gov.au/sites/default/files/P34_LUDLAM_Scott.pdf
LUDLAM Scott,Bunbury,Perth,27/03/2014,,,,http://www.finance.gov.au/sites/default/files/P34_LUDLAM_Scott.pdf
CHESTER Darren,Canberra,Lakes Entrance,27/03/2014,,,,http://www.finance.gov.au/sites/default/files/P35_CHESTER_Darren.pdf
BALDWIN Bob,Soloman Hub,Perth,28/03/2014,,,,http://www.finance.gov.au/sites/default/files/P35_BALDWIN_Bob.pdf
MCKENZIE Bridget,Leongatha,Shepparton,29/03/2014,,$980.00,,http://www.finance.gov.au/sites/default/files/P34_MCKENZIE_Bridget.pdf
MCKENZIE Bridget,Shepparton,Leongatha,29/03/2014,,,,http://www.finance.gov.au/sites/default/files/P34_MCKENZIE_Bridget.pdf
HOGG John,Gladstone,,31/03/2014,01/04/2014,$77.37,,http://www.finance.gov.au/sites/default/files/P34_HOGG_John.pdf
HUTCHINSON Eric,Launceston,Evandale,01/04/2014,,$62.95,,http://www.finance.gov.au/sites/default/files/P34_HUTCHINSON_Eric.pdf
BACK Chris,Jandakot,Kojonup,01/04/2014,,"$1,940.00",,http://www.finance.gov.au/sites/default/files/P34_BACK_Chris.pdf
HUTCHINSON Eric,Evandale,Launceston,01/04/2014,,,,http://www.finance.gov.au/sites/default/files/P34_HUTCHINSON_Eric.pdf
BACK Chris,Kojonup,Jandakot,01/04/2014,,,,http://www.finance.gov.au/sites/default/files/P34_BACK_Chris.pdf
WILSON Rick,Esperance,,02/04/2014,,$92.09,,http://www.finance.gov.au/sites/default/files/P35_WILSON_Rick.pdf
SIEWERT Rachel,Geraldton,,02/04/2014,04/04/2014,$517.71,,http://www.finance.gov.au/sites/default/files/P35_SIEWERT_Rachel.pdf
WILSON Rick,Albany,Esperance,02/04/2014,,"$2,550.00",,http://www.finance.gov.au/sites/default/files/P34_WILSON_Rick.pdf
KATTER Bob,Charters Towers,Georgetown,02/04/2014,,"$3,825.00",,http://www.finance.gov.au/sites/default/files/P34_KATTER_Bob.pdf
PERIS Nova,Darwin,Hooker Creek,02/04/2014,,"$8,863.64",,http://www.finance.gov.au/sites/default/files/P34_PERIS_Nova.pdf
PERIS Nova,Hooker Creek,Darwin,02/04/2014,,,,http://www.finance.gov.au/sites/default/files/P34_PERIS_Nova.pdf
KATTER Bob,Georgetown,Townsville,02/04/2014,,,,http://www.finance.gov.au/sites/default/files/P34_KATTER_Bob.pdf
WILSON Rick,Esperance,Albany,02/04/2014,,,,http://www.finance.gov.au/sites/default/files/P34_WILSON_Rick.pdf
URQUHART Anne,Hobart,Devonport,03/04/2014,05/04/2014,$239.23,,http://www.finance.gov.au/sites/default/files/P34_URQUHART_Anne.pdf
FLETCHER Paul,Melbourne Essendon Airport,Horsham,04/04/2014,,"$2,272.73",,http://www.finance.gov.au/sites/default/files/P34_FLETCHER_Paul.pdf
PRICE Melissa,Geraldton,Merredin,04/04/2014,,"$2,853.64",,http://www.finance.gov.au/sites/default/files/P34_PRICE_Melissa.pdf
FLETCHER Paul,Stawell,Melbourne Essendon Airport,04/04/2014,,,,http://www.finance.gov.au/sites/default/files/P34_FLETCHER_Paul.pdf
KATTER Bob,Charters Towers,Innisfail,06/04/2014,,"$2,750.00",,http://www.finance.gov.au/sites/default/files/P34_KATTER_Bob.pdf
STEPHENS Ursula,Goulburn,Balranald,06/04/2014,,"$6,840.91",,http://www.finance.gov.au/sites/default/files/P35_STEPHENS_Ursula.pdf
KATTER Bob,Innisfail,Charters Towers,06/04/2014,,,,http://www.finance.gov.au/sites/default/files/P34_KATTER_Bob.pdf
STEPHENS Ursula,Balranald,Goulburn,06/04/2014,,,,http://www.finance.gov.au/sites/default/files/P35_STEPHENS_Ursula.pdf
HOGG John,Bundaberg,,09/04/2014,,$128.62,,http://www.finance.gov.au/sites/default/files/P34_HOGG_John.pdf
LUDWIG Joe,Gladstone,Emerald,09/04/2014,,"$2,000.00",,http://www.finance.gov.au/sites/default/files/P34_LUDWIG_Joe.pdf
SMITH Dean,Albany,,10/04/2014,,$80.00,,http://www.finance.gov.au/sites/default/files/P34_SMITH_Dean.pdf
SMITH Dean,Albany,Perth,11/04/2014,,"$2,475.00",,http://www.finance.gov.au/sites/default/files/P34_SMITH_Dean.pdf
KATTER Bob,Charters Towers,Julia Creek,12/04/2014,,"$4,500.00",,http://www.finance.gov.au/sites/default/files/P34_KATTER_Bob.pdf
KATTER Bob,Julia Creek,Charters Towers,12/04/2014,,,,http://www.finance.gov.au/sites/default/files/P34_KATTER_Bob.pdf
ENTSCH Warren,Cooktown,,14/04/2014,,$118.18,,http://www.finance.gov.au/sites/default/files/P34_ENTSCH_Warren.pdf
ENTSCH Warren,Cairns,Hope Vale,14/04/2014,,"$3,863.64",,http://www.finance.gov.au/sites/default/files/P34_ENTSCH_Warren.pdf
ENTSCH Warren,Hope Vale,Cooktown,14/04/2014,,,,http://www.finance.gov.au/sites/default/files/P34_ENTSCH_Warren.pdf
WILSON Rick,Kalgoorlie,,15/04/2014,17/04/2014,$540.27,,http://www.finance.gov.au/sites/default/files/P34_WILSON_Rick.pdf
PASIN Tony,Mount Gambier,Murray Bridge,15/04/2014,,"$2,427.27",,http://www.finance.gov.au/sites/default/files/P34_PASIN_Tony.pdf
KATTER Bob,Charters Towers,Hughenden,15/04/2014,,"$6,500.00",,http://www.finance.gov.au/sites/default/files/P34_KATTER_Bob.pdf
ENTSCH Warren,Cooktown,Wujal Wujal,15/04/2014,,,,http://www.finance.gov.au/sites/default/files/P34_ENTSCH_Warren.pdf
ENTSCH Warren,Wujal Wujal,Cairns,15/04/2014,,,,http://www.finance.gov.au/sites/default/files/P34_ENTSCH_Warren.pdf
ENTSCH Warren,Cooktown,,15/04/2014,,,,http://www.finance.gov.au/sites/default/files/P34_ENTSCH_Warren.pdf
KATTER Bob,Hughenden,Tully,15/04/2014,,,,http://www.finance.gov.au/sites/default/files/P34_KATTER_Bob.pdf
KATTER Bob,Tully,Charters Towers,15/04/2014,,,,http://www.finance.gov.au/sites/default/files/P34_KATTER_Bob.pdf
PASIN Tony,Renmark,Loxton,16/04/2014,,$80.00,,http://www.finance.gov.au/sites/default/files/P34_PASIN_Tony.pdf
BRANDIS George,Townsville,Ingham,16/04/2014,,"$2,500.00",,http://www.finance.gov.au/sites/default/files/P34_BRANDIS_George.pdf
MACFARLANE Ian,Canberra,Coonabarabran,16/04/2014,,"$13,170.00",,http://www.finance.gov.au/sites/default/files/P35_MACFARLANE_Ian.pdf
BRANDIS George,Ingham,Townsville,16/04/2014,,,,http://www.finance.gov.au/sites/default/files/P34_BRANDIS_George.pdf
PASIN Tony,Loxton,Renmark,16/04/2014,,,,http://www.finance.gov.au/sites/default/files/P34_PASIN_Tony.pdf
PASIN Tony,Murray Bridge,Renmark,16/04/2014,,,,http://www.finance.gov.au/sites/default/files/P34_PASIN_Tony.pdf
PASIN Tony,Renmark,Mount Gambier,16/04/2014,,,,http://www.finance.gov.au/sites/default/files/P34_PASIN_Tony.pdf
MACFARLANE Ian,Coonabarabran,Sydney,16/04/2014,,,,http://www.finance.gov.au/sites/default/files/P35_MACFARLANE_Ian.pdf
O'DOWD Ken,Gladstone,Wondai,19/04/2014,,"$2,070.00",,http://www.finance.gov.au/sites/default/files/P34_O'DOWD_Ken.pdf
O'DOWD Ken,Wondai,Gladstone,19/04/2014,,,,http://www.finance.gov.au/sites/default/files/P34_O'DOWD_Ken.pdf
O'DOWD Ken,Gladstone,Emerald,22/04/2014,,"$1,760.00",,http://www.finance.gov.au/sites/default/files/P34_O'DOWD_Ken.pdf
O'DOWD Ken,Emerald,Gladstone,22/04/2014,,,,http://www.finance.gov.au/sites/default/files/P34_O'DOWD_Ken.pdf
SMITH Dean,Perth,Cranbrook,23/04/2014,,"$1,800.00",,http://www.finance.gov.au/sites/default/files/P34_SMITH_Dean.pdf
SMITH Dean,Cranbrook,Perth,23/04/2014,,,,http://www.finance.gov.au/sites/default/files/P34_SMITH_Dean.pdf
SMITH Dean,Perth,Albany,24/04/2014,,"$2,700.00",,http://www.finance.gov.au/sites/default/files/P34_SMITH_Dean.pdf
SMITH Dean,Albany,,25/04/2014,,$80.00,,http://www.finance.gov.au/sites/default/files/P34_SMITH_Dean.pdf
PRATT Louise,Broome,,25/04/2014,28/04/2014,$267.93,,http://www.finance.gov.au/sites/default/files/P34_PRATT_Louise.pdf
SMITH Dean,Albany,Perth,25/04/2014,,,,http://www.finance.gov.au/sites/default/files/P34_SMITH_Dean.pdf
MACDONALD Ian,Cairns,,27/04/2014,02/05/2014,$458.93,,http://www.finance.gov.au/sites/default/files/P34_MACDONALD_Ian.pdf
BOSWELL Ronald,Brisbane,Blackall,27/04/2014,,"$4,601.00",,http://www.finance.gov.au/sites/default/files/P34_BOSWELL_Ronald.pdf
TRUSS Warren,Canberra,Wagga Wagga,28/04/2014,,"$3,618.18",,http://www.finance.gov.au/sites/default/files/P35_TRUSS_Warren.pdf
MACFARLANE Ian,Toowoomba,Canberra,28/04/2014,,"$11,277.00",,http://www.finance.gov.au/sites/default/files/P35_MACFARLANE_Ian.pdf
BOSWELL Ronald,Blackall,Brisbane,28/04/2014,,,,http://www.finance.gov.au/sites/default/files/P34_BOSWELL_Ronald.pdf
TRUSS Warren,Wagga Wagga,Canberra,28/04/2014,,,,http://www.finance.gov.au/sites/default/files/P35_TRUSS_Warren.pdf
PERIS Nova,Alice Springs,Warrabri,29/04/2014,,"$2,857.27",,http://www.finance.gov.au/sites/default/files/P34_PERIS_Nova.pdf
WILSON Rick,Jandakot,Kalgoorlie,29/04/2014,,"$15,151.50",,http://www.finance.gov.au/sites/default/files/P34_WILSON_Rick.pdf
PERIS Nova,Warrabri,Alice Springs,29/04/2014,,,,http://www.finance.gov.au/sites/default/files/P34_PERIS_Nova.pdf
WILSON Rick,Kalgoorlie,,30/04/2014,02/05/2014,$221.36,,http://www.finance.gov.au/sites/default/files/P34_WILSON_Rick.pdf
SCULLION Nigel,Alice Springs,Warburton,30/04/2014,,"$6,558.18",,http://www.finance.gov.au/sites/default/files/P35_SCULLION_Nigel.pdf
SCULLION Nigel,Warburton,Alice Springs,30/04/2014,,,,http://www.finance.gov.au/sites/default/files/P35_SCULLION_Nigel.pdf
TRUSS Warren,Canberra,Shepparton,01/05/2014,,"$5,190.91",,http://www.finance.gov.au/sites/default/files/P35_TRUSS_Warren.pdf
TRUSS Warren,Shepparton,Canberra,01/05/2014,,,,http://www.finance.gov.au/sites/default/files/P35_TRUSS_Warren.pdf
TRUSS Warren,Canberra,Benalla,02/05/2014,,"$5,531.82",,http://www.finance.gov.au/sites/default/files/P34_TRUSS_Warren.pdf
BERNARDI Cory,Adelaide,Coober Pedy,02/05/2014,,"$8,720.00",,http://www.finance.gov.au/sites/default/files/P34_BERNARDI_Cory.pdf
TRUSS Warren,Benalla,Canberra,03/05/2014,,,,http://www.finance.gov.au/sites/default/files/P34_TRUSS_Warren.pdf
BERNARDI Cory,Coober Pedy,Adelaide,03/05/2014,,,,http://www.finance.gov.au/sites/default/files/P34_BERNARDI_Cory.pdf
PRICE Melissa,Broome,,04/05/2014,06/05/2014,$299.73,,http://www.finance.gov.au/sites/default/files/P35_PRICE_Melissa.pdf
MACDONALD Ian,Mount Isa,,06/05/2014,07/05/2014,$318.80,,http://www.finance.gov.au/sites/default/files/P34_MACDONALD_Ian.pdf
PRICE Melissa,Kununurra,,06/05/2014,09/05/2014,$337.85,,http://www.finance.gov.au/sites/default/files/P35_PRICE_Melissa.pdf
PERIS Nova,Darwin,Garden Point,06/05/2014,,"$3,727.27",,http://www.finance.gov.au/sites/default/files/P34_PERIS_Nova.pdf
BIRMINGHAM Simon,Adelaide,Kingston On Murray,07/05/2014,,"$3,350.00",,http://www.finance.gov.au/sites/default/files/P35_BIRMINGHAM_Simon.pdf
BIRMINGHAM Simon,Kingston On Murray,Adelaide,07/05/2014,,,,http://www.finance.gov.au/sites/default/files/P35_BIRMINGHAM_Simon.pdf
LEY Sussan,Albury,Lake Cargelligo,08/05/2014,,"$6,178.75",,http://www.finance.gov.au/sites/default/files/P35_LEY_Sussan.pdf
LEY Sussan,Lake Cargelligo,Warnervale,08/05/2014,,,,http://www.finance.gov.au/sites/default/files/P35_LEY_Sussan.pdf
LEY Sussan,Williamtown,Port Macquarie,08/05/2014,,,,http://www.finance.gov.au/sites/default/files/P35_LEY_Sussan.pdf
PRICE Melissa,Broome,,09/05/2014,,$84.45,,http://www.finance.gov.au/sites/default/files/P35_PRICE_Melissa.pdf
MACDONALD Ian,Brisbane,,09/05/2014,11/05/2014,$234.11,,http://www.finance.gov.au/sites/default/files/P34_MACDONALD_Ian.pdf
MACFARLANE Ian,Toowoomba,Melbourne Essendon Airport,09/05/2014,,"$14,881.82",,http://www.finance.gov.au/sites/default/files/P35_MACFARLANE_Ian.pdf
LEY Sussan,Port Macquarie,Albury,09/05/2014,,,,http://www.finance.gov.au/sites/default/files/P35_LEY_Sussan.pdf
MACFARLANE Ian,Melbourne Essendon Airport,Toowoomba,09/05/2014,,,,http://www.finance.gov.au/sites/default/files/P35_MACFARLANE_Ian.pdf
DASTYARI Sam,Dubbo,,11/05/2014,,$104.45,,http://www.finance.gov.au/sites/default/files/P35_DASTYARI_Sam.pdf
TRUSS Warren,Canberra,Brisbane,13/05/2014,,"$21,570.00",,http://www.finance.gov.au/sites/default/files/P35_TRUSS_Warren.pdf
TRUSS Warren,Brisbane,Canberra,14/05/2014,,,,http://www.finance.gov.au/sites/default/files/P35_TRUSS_Warren.pdf
RAMSEY Rowan,Adelaide,Burra,16/05/2014,,$253.66,,http://www.finance.gov.au/sites/default/files/P35_RAMSEY_Rowan.pdf
PASIN Tony,Adelaide,Murray Bridge,16/05/2014,,"$4,760.00",,http://www.finance.gov.au/sites/default/files/P34_PASIN_Tony.pdf
PASIN Tony,Murray Bridge,Mount Gambier,16/05/2014,,,,http://www.finance.gov.au/sites/default/files/P34_PASIN_Tony.pdf
PASIN Tony,Mount Gambier,Naracoorte,16/05/2014,,,,http://www.finance.gov.au/sites/default/files/P34_PASIN_Tony.pdf
PASIN Tony,Naracoorte,Adelaide,16/05/2014,,,,http://www.finance.gov.au/sites/default/files/P34_PASIN_Tony.pdf
PERIS Nova,Darwin,Garden Point,17/05/2014,,"$1,909.09",,http://www.finance.gov.au/sites/default/files/P34_PERIS_Nova.pdf
PERIS Nova,Garden Point,Darwin,17/05/2014,,,,http://www.finance.gov.au/sites/default/files/P34_PERIS_Nova.pdf
MACDONALD Ian,Cairns,,18/05/2014,19/05/2014,$184.11,,http://www.finance.gov.au/sites/default/files/P34_MACDONALD_Ian.pdf
MACDONALD Ian,Rockhampton,,20/05/2014,21/05/2014,$77.19,,http://www.finance.gov.au/sites/default/files/P34_MACDONALD_Ian.pdf
MCCORMACK Michael,Wagga Wagga,Tumut,21/05/2014,,"$2,210.00",,http://www.finance.gov.au/sites/default/files/P34_MCCORMACK_Michael.pdf
MCCORMACK Michael,Tumut,Narrandera,21/05/2014,,,,http://www.finance.gov.au/sites/default/files/P34_MCCORMACK_Michael.pdf
MCCORMACK Michael,Narrandera,Wagga Wagga,21/05/2014,,,,http://www.finance.gov.au/sites/default/files/P34_MCCORMACK_Michael.pdf
PERIS Nova,Alice Springs,,23/05/2014,25/05/2014,"$1,185.22",,http://www.finance.gov.au/sites/default/files/P35_PERIS_Nova.pdf
PRICE Melissa,Broome,Kununurra,23/05/2014,,"$4,327.27",,http://www.finance.gov.au/sites/default/files/P35_PRICE_Melissa.pdf
RONALDSON Michael,Canberra,Coffs Harbour,27/05/2014,,"$7,890.91",,http://www.finance.gov.au/sites/default/files/P34_RONALDSON_Michael.pdf
RONALDSON Michael,Coffs Harbour,Canberra,27/05/2014,,,,http://www.finance.gov.au/sites/default/files/P34_RONALDSON_Michael.pdf
MACDONALD Ian,Cairns,,30/05/2014,01/06/2014,$158.94,,http://www.finance.gov.au/sites/default/files/P34_MACDONALD_Ian.pdf
WILLIAMS John,Canberra,Inverell,30/05/2014,,"$4,686.36",,http://www.finance.gov.au/sites/default/files/P35_WILLIAMS_John.pdf
SCULLION Nigel,Coffs Harbour,,01/06/2014,03/06/2014,$207.67,,http://www.finance.gov.au/sites/default/files/P35_SCULLION_Nigel.pdf
CHESTER Darren,Lakes Entrance,Canberra,02/06/2014,,$701.45,,http://www.finance.gov.au/sites/default/files/P35_CHESTER_Darren.pdf
TUDGE Alan,Canberra,Lakes Entrance,05/06/2014,,"-$1,009.09","<i>**</i>",http://www.finance.gov.au/sites/default/files/P35_TUDGE_Alan.pdf
O'SULLIVAN Barry,Townsville,,05/06/2014,06/06/2014,$145.92,,http://www.finance.gov.au/sites/default/files/P34_O'SULLIVAN_Barry.pdf
TUDGE Alan,Canberra,Lakes Entrance,05/06/2014,,"$4,036.36",,http://www.finance.gov.au/sites/default/files/P35_TUDGE_Alan.pdf
SCULLION Nigel,Darwin,Oenpelli,05/06/2014,,"$6,363.64",,http://www.finance.gov.au/sites/default/files/P34_SCULLION_Nigel.pdf
ABETZ Eric,Devonport,,06/06/2014,,$116.50,,http://www.finance.gov.au/sites/default/files/P35_ABETZ_Eric.pdf
ABETZ Eric,Cambridge,Devonport,06/06/2014,,"$2,272.73",,http://www.finance.gov.au/sites/default/files/P35_ABETZ_Eric.pdf
PASIN Tony,Adelaide,Renmark,06/06/2014,,"$2,363.64",,http://www.finance.gov.au/sites/default/files/P35_PASIN_Tony.pdf
ENTSCH Warren,Cairns,Cooktown,06/06/2014,,"$4,590.91",,http://www.finance.gov.au/sites/default/files/P34_ENTSCH_Warren.pdf
SCULLION Nigel,Oenpelli,Darwin,06/06/2014,,,,http://www.finance.gov.au/sites/default/files/P34_SCULLION_Nigel.pdf
PASIN Tony,Renmark,Adelaide,06/06/2014,,,,http://www.finance.gov.au/sites/default/files/P35_PASIN_Tony.pdf
ABETZ Eric,Devonport,Cambridge,06/06/2014,,,,http://www.finance.gov.au/sites/default/files/P35_ABETZ_Eric.pdf
SMITH Dean,Perth,Bunbury,07/06/2014,,"$2,390.00",,http://www.finance.gov.au/sites/default/files/P35_SMITH_Dean.pdf
SNOWDON Warren,Darwin,Bamyili,07/06/2014,,"$3,920.00",,http://www.finance.gov.au/sites/default/files/P34_SNOWDON_Warren.pdf
SNOWDON Warren,Bamyili,Darwin,07/06/2014,,,,http://www.finance.gov.au/sites/default/files/P34_SNOWDON_Warren.pdf
ENTSCH Warren,Cooktown,Cairns,07/06/2014,,,,http://www.finance.gov.au/sites/default/files/P34_ENTSCH_Warren.pdf
SMITH Dean,Bunbury,Perth,07/06/2014,,,,http://www.finance.gov.au/sites/default/files/P35_SMITH_Dean.pdf
SCOTT Bruce,Muttaburra,Roma,08/06/2014,,"$4,840.00",,http://www.finance.gov.au/sites/default/files/P35_SCOTT_Bruce.pdf
PRICE Melissa,Geraldton,Wiluna,10/06/2014,,"$4,636.36",,http://www.finance.gov.au/sites/default/files/P35_PRICE_Melissa.pdf
SCULLION Nigel,Dubbo,Bourke,10/06/2014,,"$9,450.00",,http://www.finance.gov.au/sites/default/files/P35_SCULLION_Nigel.pdf
HUNT Greg,Moranbah,,10/06/2014,,"$16,200.00",,http://www.finance.gov.au/sites/default/files/P35_HUNT_Greg.pdf
SCULLION Nigel,Bourke,Cobar,10/06/2014,,,,http://www.finance.gov.au/sites/default/files/P35_SCULLION_Nigel.pdf
RAMSEY Rowan,Whyalla,Rawnsley Park,11/06/2014,,"$1,920.00",,http://www.finance.gov.au/sites/default/files/P35_RAMSEY_Rowan.pdf
SCULLION Nigel,Cobar,Dubbo,11/06/2014,,,,http://www.finance.gov.au/sites/default/files/P35_SCULLION_Nigel.pdf
PRICE Melissa,Wiluna,Geraldton,11/06/2014,,,,http://www.finance.gov.au/sites/default/files/P35_PRICE_Melissa.pdf
O'DOWD Ken,Gladstone,Gladstone Harbour,12/06/2014,,"$1,400.00",,http://www.finance.gov.au/sites/default/files/P35_O'DOWD_Ken.pdf
LANDRY Michelle,Rockhampton,Moranbah,12/06/2014,,"$1,590.91",,http://www.finance.gov.au/sites/default/files/P34_LANDRY_Michelle.pdf
WILSON Rick,Katanning,Kalgoorlie,12/06/2014,,"$4,395.00",,http://www.finance.gov.au/sites/default/files/P35_WILSON_Rick.pdf
SNOWDON Warren,Darwin,Bathurst Island,12/06/2014,,"$5,363.64",,http://www.finance.gov.au/sites/default/files/P34_SNOWDON_Warren.pdf
SNOWDON Warren,Bathurst Island,Darwin,12/06/2014,,,,http://www.finance.gov.au/sites/default/files/P34_SNOWDON_Warren.pdf
RAMSEY Rowan,Rawnsley Park,Kadina,12/06/2014,,,,http://www.finance.gov.au/sites/default/files/P35_RAMSEY_Rowan.pdf
WILSON Rick,Kalgoorlie,Katanning,12/06/2014,,,,http://www.finance.gov.au/sites/default/files/P35_WILSON_Rick.pdf
LANDRY Michelle,Moranbah,Rockhampton,13/06/2014,,,,http://www.finance.gov.au/sites/default/files/P34_LANDRY_Michelle.pdf
CHESTER Darren,Lakes Entrance,Canberra,16/06/2014,,"$1,052.15",,http://www.finance.gov.au/sites/default/files/P35_CHESTER_Darren.pdf
TRUSS Warren,Canberra,Casino,20/06/2014,,"$12,318.18",,http://www.finance.gov.au/sites/default/files/P35_TRUSS_Warren.pdf
TRUSS Warren,Casino,Maryborough,20/06/2014,,,,http://www.finance.gov.au/sites/default/files/P35_TRUSS_Warren.pdf
JOHNSTON David,Jandakot,Manjimup,21/06/2014,,"$1,950.00",,http://www.finance.gov.au/sites/default/files/P35_JOHNSTON_David.pdf
KATTER Bob,Innisfail,Charters Towers,21/06/2014,,"$2,540.91",,http://www.finance.gov.au/sites/default/files/P35_KATTER_Bob.pdf
SMITH Dean,Perth,Manjimup,21/06/2014,,"$2,580.00",,http://www.finance.gov.au/sites/default/files/P35_SMITH_Dean.pdf
JOHNSTON David,Manjimup,Jandakot,21/06/2014,,,,http://www.finance.gov.au/sites/default/files/P35_JOHNSTON_David.pdf
SMITH Dean,Manjimup,Perth,21/06/2014,,,,http://www.finance.gov.au/sites/default/files/P35_SMITH_Dean.pdf
RUSTON Anne,Renmark,Waikerie,22/06/2014,,"$1,754.55",,http://www.finance.gov.au/sites/default/files/P35_RUSTON_Anne.pdf
COULTON Mark,Warialda,Canberra,22/06/2014,,"$3,454.55",,http://www.finance.gov.au/sites/default/files/P35_COULTON_Mark.pdf
RUSTON Anne,Waikerie,Port Augusta,22/06/2014,,,,http://www.finance.gov.au/sites/default/files/P35_RUSTON_Anne.pdf
CHESTER Darren,Lakes Entrance,Canberra,23/06/2014,,"$1,052.15",,http://www.finance.gov.au/sites/default/files/P35_CHESTER_Darren.pdf
CHESTER Darren,Canberra,Lakes Entrance,26/06/2014,,,,http://www.finance.gov.au/sites/default/files/P35_CHESTER_Darren.pdf
SNOWDON Warren,Christmas Island,,27/06/2014,28/06/2014,$165.00,,http://www.finance.gov.au/sites/default/files/P35_SNOWDON_Warren.pdf
RAMSEY Rowan,Whyalla,Wudinna,27/06/2014,,"$1,040.00",,http://www.finance.gov.au/sites/default/files/P35_RAMSEY_Rowan.pdf
COULTON Mark,Canberra,Warialda,27/06/2014,,"$3,454.55",,http://www.finance.gov.au/sites/default/files/P35_COULTON_Mark.pdf
KATTER Bob,Mount Isa,Doomadgee,27/06/2014,,"$6,540.00",,http://www.finance.gov.au/sites/default/files/P35_KATTER_Bob.pdf
KATTER Bob,Doomadgee,Normanton,27/06/2014,,,,http://www.finance.gov.au/sites/default/files/P35_KATTER_Bob.pdf
KATTER Bob,Normanton,Karumba,27/06/2014,,,,http://www.finance.gov.au/sites/default/files/P35_KATTER_Bob.pdf
RAMSEY Rowan,Wudinna,Kimba,27/06/2014,,,,http://www.finance.gov.au/sites/default/files/P35_RAMSEY_Rowan.pdf
KATTER Bob,Karumba,Gregory Downs,28/06/2014,,,,http://www.finance.gov.au/sites/default/files/P35_KATTER_Bob.pdf
KATTER Bob,Gregory Downs,Burketown,29/06/2014,,,,http://www.finance.gov.au/sites/default/files/P35_KATTER_Bob.pdf
KATTER Bob,Burketown,Karumba,29/06/2014,,,,http://www.finance.gov.au/sites/default/files/P35_KATTER_Bob.pdf
KATTER Bob,Karumba,Mount Isa,29/06/2014,,,,http://www.finance.gov.au/sites/default/files/P35_KATTER_Bob.pdf
LANDRY Michelle,Rockhampton,Moranbah,30/06/2014,,"$1,681.82",,http://www.finance.gov.au/sites/default/files/P35_LANDRY_Michelle.pdf
WATERS Larissa,Cairns,Chuulangun,30/06/2014,,"$8,031.82",,http://www.finance.gov.au/sites/default/files/P35_WATERS_Larissa.pdf
LANDRY Michelle,Moranbah,Mackay,30/06/2014,,,,http://www.finance.gov.au/sites/default/files/P35_LANDRY_Michelle.pdf
WATERS Larissa,Chuulangun,Richmond,30/06/2014,,,,http://www.finance.gov.au/sites/default/files/P35_WATERS_Larissa.pdf
JOYCE Barnaby1,Canberra,Grafton,01/07/2014,,"$6,900.00",,http://www.finance.gov.au/sites/default/files/P35_JOYCE_Barnaby1.pdf
ENTSCH Warren,Weipa,,02/07/2014,,$87.67,,http://www.finance.gov.au/sites/default/files/P35_ENTSCH_Warren.pdf
SMITH Dean,Albany,,03/07/2014,,$80.00,,http://www.finance.gov.au/sites/default/files/P35_SMITH_Dean.pdf
BACK Chris,Kalgoorlie,,03/07/2014,,$97.28,,http://www.finance.gov.au/sites/default/files/P35_BACK_Chris.pdf
MACDONALD Ian,Cairns,,03/07/2014,04/07/2014,$138.63,,http://www.finance.gov.au/sites/default/files/P35_MACDONALD_Ian.pdf
BROAD Andrew,Mildura,Birchup,03/07/2014,,$980.00,,http://www.finance.gov.au/sites/default/files/P35_BROAD_Andrew.pdf
O'DOWD Ken,Gladstone,,03/07/2014,,"$1,400.00",,http://www.finance.gov.au/sites/default/files/P35_O'DOWD_Ken.pdf
KATTER Bob,Mount Isa,Georgetown,03/07/2014,,"$3,630.00",,http://www.finance.gov.au/sites/default/files/P35_KATTER_Bob.pdf
ENTSCH Warren,Weipa,Coen,03/07/2014,,"$5,054.55",,http://www.finance.gov.au/sites/default/files/P35_ENTSCH_Warren.pdf
KATTER Bob,Georgetown,Mount Isa,03/07/2014,,,,http://www.finance.gov.au/sites/default/files/P35_KATTER_Bob.pdf
BROAD Andrew,Birchup,Mildura,03/07/2014,,,,http://www.finance.gov.au/sites/default/files/P35_BROAD_Andrew.pdf
O'DOWD Ken,Gladstone,Bundaberg,04/07/2014,,"$1,520.00",,http://www.finance.gov.au/sites/default/files/P35_O'DOWD_Ken.pdf
ENTSCH Warren,Coen,Cairns,04/07/2014,,,,http://www.finance.gov.au/sites/default/files/P35_ENTSCH_Warren.pdf
O'DOWD Ken,Bundaberg,Gladstone,04/07/2014,,,,http://www.finance.gov.au/sites/default/files/P35_O'DOWD_Ken.pdf
PRICE Melissa,Broome,Karratha,06/07/2014,,"$4,009.09",,http://www.finance.gov.au/sites/default/files/P35_PRICE_Melissa.pdf
CHESTER Darren,Lakes Entrance,Canberra,07/07/2014,,"$2,499.09",,http://www.finance.gov.au/sites/default/files/P35_CHESTER_Darren.pdf
JOYCE Barnaby1,Tamworth,Toowoomba,07/07/2014,,"$12,110.00",,http://www.finance.gov.au/sites/default/files/P35_JOYCE_Barnaby1.pdf
JOYCE Barnaby1,Toowoomba,Canberra,07/07/2014,,,,http://www.finance.gov.au/sites/default/files/P35_JOYCE_Barnaby1.pdf
CHESTER Darren,Canberra,Lakes Entrance,08/07/2014,,,,http://www.finance.gov.au/sites/default/files/P35_CHESTER_Darren.pdf
JOYCE Barnaby1,Tamworth,Lakes Entrance,09/07/2014,,"$4,270.91",,http://www.finance.gov.au/sites/default/files/P35_JOYCE_Barnaby1.pdf
KATTER Bob,Innisfail,Charters Towers,11/07/2014,,"$2,525.00",,http://www.finance.gov.au/sites/default/files/P35_KATTER_Bob.pdf
SMITH Dean,Albany,,12/07/2014,,$80.00,,http://www.finance.gov.au/sites/default/files/P35_SMITH_Dean.pdf
SMITH Dean,Perth,Albany,12/07/2014,,"$1,990.00",,http://www.finance.gov.au/sites/default/files/P35_SMITH_Dean.pdf
SMITH Dean,Albany,Perth,12/07/2014,,,,http://www.finance.gov.au/sites/default/files/P35_SMITH_Dean.pdf
CHESTER Darren,Lakes Entrance,Canberra,13/07/2014,,"$2,104.32",,http://www.finance.gov.au/sites/default/files/P35_CHESTER_Darren.pdf
KATTER Bob,Charters Towers,Mareeba,13/07/2014,,"$2,600.00",,http://www.finance.gov.au/sites/default/files/P35_KATTER_Bob.pdf
COULTON Mark,Warialda,Canberra,13/07/2014,,"$3,454.55",,http://www.finance.gov.au/sites/default/files/P35_COULTON_Mark.pdf
KATTER Bob,Mareeba,Charters Towers,13/07/2014,,,,http://www.finance.gov.au/sites/default/files/P35_KATTER_Bob.pdf
KATTER Bob,Charters Towers,Hughenden,21/07/2014,,"$5,111.82",,http://www.finance.gov.au/sites/default/files/P35_KATTER_Bob.pdf
KATTER Bob,Hughenden,Townsville,21/07/2014,,,,http://www.finance.gov.au/sites/default/files/P35_KATTER_Bob.pdf
CANAVAN Matthew,Proserpine,,22/07/2014,23/07/2014,$263.81,,http://www.finance.gov.au/sites/default/files/P35_CANAVAN_Matthew.pdf
ENTSCH Warren,Weipa,Kowanyama,23/07/2014,,"$2,909.09",,http://www.finance.gov.au/sites/default/files/P35_ENTSCH_Warren.pdf
ENTSCH Warren,Kowanyama,Pormpuraaw,23/07/2014,,,,http://www.finance.gov.au/sites/default/files/P35_ENTSCH_Warren.pdf
ENTSCH Warren,Pormpuraaw,Aurukun,23/07/2014,,,,http://www.finance.gov.au/sites/default/files/P35_ENTSCH_Warren.pdf
ENTSCH Warren,Aurukun,Weipa,23/07/2014,,,,http://www.finance.gov.au/sites/default/files/P35_ENTSCH_Warren.pdf
NASH Fiona,Rockhampton,,28/07/2014,30/07/2014,$187.76,,http://www.finance.gov.au/sites/default/files/P35_NASH_Fiona.pdf
RONALDSON Michael,Essendon Airport,Wangaratta,28/07/2014,,"$4,560.00",,http://www.finance.gov.au/sites/default/files/P35_RONALDSON_Michael.pdf
PRICE Melissa,Geraldton,Karratha,28/07/2014,,"$6,981.82",,http://www.finance.gov.au/sites/default/files/P35_PRICE_Melissa.pdf
RONALDSON Michael,Wangaratta,Albury,28/07/2014,,,,http://www.finance.gov.au/sites/default/files/P35_RONALDSON_Michael.pdf
RONALDSON Michael,Albury,Essendon Airport,28/07/2014,,,,http://www.finance.gov.au/sites/default/files/P35_RONALDSON_Michael.pdf
PRICE Melissa,Karratha,Geraldton,28/07/2014,,,,http://www.finance.gov.au/sites/default/files/P35_PRICE_Melissa.pdf
O'DOWD Ken,Gladstone,Bundaberg,29/07/2014,,"$1,520.00",,http://www.finance.gov.au/sites/default/files/P35_O'DOWD_Ken.pdf
SCOTT Bruce,Longreach,Roma,29/07/2014,,"$12,430.00",,http://www.finance.gov.au/sites/default/files/P35_SCOTT_Bruce.pdf
O'DOWD Ken,Bundaberg,Gladstone,29/07/2014,,,,http://www.finance.gov.au/sites/default/files/P35_O'DOWD_Ken.pdf
SCOTT Bruce,Roma,Cunnamulla,29/07/2014,,,,http://www.finance.gov.au/sites/default/files/P35_SCOTT_Bruce.pdf
SCOTT Bruce,Cunnamulla,Blackall,29/07/2014,,,,http://www.finance.gov.au/sites/default/files/P35_SCOTT_Bruce.pdf
SCOTT Bruce,Blackall,Longreach,29/07/2014,,,,http://www.finance.gov.au/sites/default/files/P35_SCOTT_Bruce.pdf
SCOTT Bruce,Longreach,Stonehenge,30/07/2014,,,,http://www.finance.gov.au/sites/default/files/P35_SCOTT_Bruce.pdf
SCOTT Bruce,Stonehenge,Longreach,30/07/2014,,,,http://www.finance.gov.au/sites/default/files/P35_SCOTT_Bruce.pdf
NASH Fiona,Armidale,,31/07/2014,01/08/2014,$73.03,,http://www.finance.gov.au/sites/default/files/P35_NASH_Fiona.pdf
SCOTT Bruce,Longreach,Aramac,31/07/2014,,,,http://www.finance.gov.au/sites/default/files/P35_SCOTT_Bruce.pdf
SCOTT Bruce,Aramac,Roma,31/07/2014,,,,http://www.finance.gov.au/sites/default/files/P35_SCOTT_Bruce.pdf
SCOTT Bruce,Roma,Longreach,31/07/2014,,,,http://www.finance.gov.au/sites/default/files/P35_SCOTT_Bruce.pdf
CANAVAN Matthew,Townsville,,01/08/2014,,$130.29,,http://www.finance.gov.au/sites/default/files/P35_CANAVAN_Matthew.pdf
BROAD Andrew,Mildura,Kerang,01/08/2014,,"$1,421.82",,http://www.finance.gov.au/sites/default/files/P35_BROAD_Andrew.pdf
KATTER Bob,Charters Towers,Ingham,01/08/2014,,"$2,500.00",,http://www.finance.gov.au/sites/default/files/P35_KATTER_Bob.pdf
HOCKEY Joe,Hobart,Burnie,01/08/2014,,"$11,300.00",,http://www.finance.gov.au/sites/default/files/P35_HOCKEY_Joe.pdf
HOCKEY Joe,Burnie,Essendon Airport,01/08/2014,,,,http://www.finance.gov.au/sites/default/files/P35_HOCKEY_Joe.pdf
KATTER Bob,Ingham,Charters Towers,01/08/2014,,,,http://www.finance.gov.au/sites/default/files/P35_KATTER_Bob.pdf
BROAD Andrew,Kerang,Swan Hill,01/08/2014,,,,http://www.finance.gov.au/sites/default/files/P35_BROAD_Andrew.pdf
BROAD Andrew,Swan Hill,Mildura,01/08/2014,,,,http://www.finance.gov.au/sites/default/files/P35_BROAD_Andrew.pdf
SMITH Dean,Albany,,07/08/2014,,$90.00,,http://www.finance.gov.au/sites/default/files/P35_SMITH_Dean.pdf
WILSON Rick,Albany,,07/08/2014,09/08/2014,$124.40,,http://www.finance.gov.au/sites/default/files/P35_WILSON_Rick.pdf
WILSON Rick,Kalgoorlie,Albany,07/08/2014,,"$3,595.00",,http://www.finance.gov.au/sites/default/files/P35_WILSON_Rick.pdf
JOYCE Barnaby1,Brisbane,Tamworth,07/08/2014,,"$5,580.00",,http://www.finance.gov.au/sites/default/files/P35_JOYCE_Barnaby1.pdf
MACDONALD Ian,Mount Isa,Cloncurry,08/08/2014,,$46.55,,http://www.finance.gov.au/sites/default/files/P35_MACDONALD_Ian.pdf
ABETZ Eric,Launceston,Hobart,08/08/2014,,"$1,850.00",,http://www.finance.gov.au/sites/default/files/P35_ABETZ_Eric.pdf
WILSON Rick,Albany,Perth,09/08/2014,,"$2,400.00",,http://www.finance.gov.au/sites/default/files/P35_WILSON_Rick.pdf
MASON Brett,Newstead,Toowoomba,10/08/2014,,$235.80,,http://www.finance.gov.au/sites/default/files/P35_MASON_Brett.pdf
CANAVAN Matthew,Brisbane,Hervey Bay,10/08/2014,,"$3,295.00",,http://www.finance.gov.au/sites/default/files/P35_CANAVAN_Matthew.pdf
CANAVAN Matthew,Hervey Bay,Toowoomba,10/08/2014,,,,http://www.finance.gov.au/sites/default/files/P35_CANAVAN_Matthew.pdf
CANAVAN Matthew,Toowoomba,Brisbane,10/08/2014,,,,http://www.finance.gov.au/sites/default/files/P35_CANAVAN_Matthew.pdf
SMITH Dean,Albany,,12/08/2014,,$89.09,,http://www.finance.gov.au/sites/default/files/P35_SMITH_Dean.pdf
CANAVAN Matthew,Mackay,,12/08/2014,,$90.55,,http://www.finance.gov.au/sites/default/files/P35_CANAVAN_Matthew.pdf
XENOPHON Nick,Adelaide,Cowell,12/08/2014,,"$1,090.91",,http://www.finance.gov.au/sites/default/files/P35_XENOPHON_Nick.pdf
SMITH Dean,Perth,Albany,12/08/2014,,"$2,166.22",,http://www.finance.gov.au/sites/default/files/P35_SMITH_Dean.pdf
SNOWDON Warren,Alice Springs,Tennant Creek,12/08/2014,,"$5,269.09",,http://www.finance.gov.au/sites/default/files/P35_SNOWDON_Warren.pdf
SNOWDON Warren,Tennant Creek,Alice Springs,12/08/2014,,,,http://www.finance.gov.au/sites/default/files/P35_SNOWDON_Warren.pdf
XENOPHON Nick,Cowell,Adelaide,12/08/2014,,,,http://www.finance.gov.au/sites/default/files/P35_XENOPHON_Nick.pdf
SMITH Dean,Albany,Perth,12/08/2014,,,,http://www.finance.gov.au/sites/default/files/P35_SMITH_Dean.pdf
RAMSEY Rowan,Port Lincoln,,13/08/2014,14/08/2014,$57.57,,http://www.finance.gov.au/sites/default/files/P35_RAMSEY_Rowan.pdf
PERIS Nova,Jabiru,Goulburn Island,13/08/2014,,"$1,927.27",,http://www.finance.gov.au/sites/default/files/P35_PERIS_Nova.pdf
PERIS Nova,Jabiru,Goulburn Island,13/08/2014,,"$2,236.36","<i>**</i>",http://www.finance.gov.au/sites/default/files/P35_PERIS_Nova.pdf
PERIS Nova,Goulburn Island,Jabiru,13/08/2014,,,"<i>**</i>",http://www.finance.gov.au/sites/default/files/P35_PERIS_Nova.pdf
PERIS Nova,Goulburn Island,Jabiru,13/08/2014,,,,http://www.finance.gov.au/sites/default/files/P35_PERIS_Nova.pdf
RAMSEY Rowan,Port Lincoln,Yorketown,14/08/2014,,"$1,778.18",,http://www.finance.gov.au/sites/default/files/P35_RAMSEY_Rowan.pdf
RAMSEY Rowan,Maitland,Port Pirie,15/08/2014,,$381.20,,http://www.finance.gov.au/sites/default/files/P35_RAMSEY_Rowan.pdf
O'SULLIVAN Barry,Brisbane,Toowoomba,17/08/2014,18/08/2014,$190.84,,http://www.finance.gov.au/sites/default/files/P35_O'SULLIVAN_Barry.pdf
STERLE Glenn,Karratha,Port Hedland,19/08/2014,,$454.72,,http://www.finance.gov.au/sites/default/files/P35_STERLE_Glenn.pdf
BACK Chris,Esperance,,21/08/2014,,$101.75,,http://www.finance.gov.au/sites/default/files/P35_BACK_Chris.pdf
LEY Sussan,Canberra,Berrigan,21/08/2014,,$750.00,,http://www.finance.gov.au/sites/default/files/P35_LEY_Sussan.pdf
LEY Sussan,Berrigan,Albury,21/08/2014,,$750.00,,http://www.finance.gov.au/sites/default/files/P35_LEY_Sussan.pdf
SCOTT Bruce,Roma,Warwick,21/08/2014,,"$2,595.00",,http://www.finance.gov.au/sites/default/files/P35_SCOTT_Bruce.pdf
PERIS Nova,Darwin,Kalkaringi,22/08/2014,,"$2,772.73",,http://www.finance.gov.au/sites/default/files/P35_PERIS_Nova.pdf
SNOWDON Warren,Darwin,Kalkaringi,22/08/2014,,"$2,772.73",,http://www.finance.gov.au/sites/default/files/P35_SNOWDON_Warren.pdf
PERIS Nova,Kalkaringi,Darwin,22/08/2014,,,,http://www.finance.gov.au/sites/default/files/P35_PERIS_Nova.pdf
SNOWDON Warren,Kalkaringi,Darwin,22/08/2014,,,,http://www.finance.gov.au/sites/default/files/P35_SNOWDON_Warren.pdf
MACDONALD Ian,Brisbane,,24/08/2014,25/08/2014,$156.20,,http://www.finance.gov.au/sites/default/files/P35_MACDONALD_Ian.pdf
COULTON Mark,Warialda,Canberra,24/08/2014,,"$3,545.45",,http://www.finance.gov.au/sites/default/files/P35_COULTON_Mark.pdf
KATTER Bob,Mareeba,Townsville,30/08/2014,,"$3,070.91",,http://www.finance.gov.au/sites/default/files/P35_KATTER_Bob.pdf
KATTER Bob,Townsville,Charters Towers,30/08/2014,,,,http://www.finance.gov.au/sites/default/files/P35_KATTER_Bob.pdf
JOYCE Barnaby1,Canberra,Newcastle,04/09/2014,,"$4,250.00",,http://www.finance.gov.au/sites/default/files/P35_JOYCE_Barnaby1.pdf
COULTON Mark,Canberra,Warialda,05/09/2014,,"$3,545.45",,http://www.finance.gov.au/sites/default/files/P35_COULTON_Mark.pdf
MACFARLANE Ian,Canberra,Toowoomba,08/09/2014,,"$11,081.82",,http://www.finance.gov.au/sites/default/files/P35_MACFARLANE_Ian.pdf
MACFARLANE Ian,Toowoomba,Canberra,08/09/2014,,,,http://www.finance.gov.au/sites/default/files/P35_MACFARLANE_Ian.pdf
LUDWIG Joe,Brisbane,Kingaroy,09/09/2014,,$477.00,,http://www.finance.gov.au/sites/default/files/P35_LUDWIG_Joe.pdf
MCCORMACK Michael,Wagga Wagga,Griffith,09/09/2014,,"$2,590.00",,http://www.finance.gov.au/sites/default/files/P35_MCCORMACK_Michael.pdf
MCCORMACK Michael,Griffith,Canberra,09/09/2014,,,,http://www.finance.gov.au/sites/default/files/P35_MCCORMACK_Michael.pdf
MCCORMACK Michael,Canberra,Wagga Wagga,09/09/2014,,,,http://www.finance.gov.au/sites/default/files/P35_MCCORMACK_Michael.pdf
LUDWIG Joe,Kingaroy,Brisbane,09/09/2014,,,,http://www.finance.gov.au/sites/default/files/P35_LUDWIG_Joe.pdf
SCULLION Nigel,Alice Springs,Uluru,10/09/2014,,"$3,222.73",,http://www.finance.gov.au/sites/default/files/P35_SCULLION_Nigel.pdf
SCULLION Nigel,Uluru,Alice Springs,10/09/2014,,,,http://www.finance.gov.au/sites/default/files/P35_SCULLION_Nigel.pdf
PRICE Melissa,Port Hedland,Paraburdoo,11/09/2014,,"$3,136.36",,http://www.finance.gov.au/sites/default/files/P35_PRICE_Melissa.pdf
JOYCE Barnaby1,Sydney,Tamworth,11/09/2014,,"$16,120.00",,http://www.finance.gov.au/sites/default/files/P35_JOYCE_Barnaby1.pdf
JOYCE Barnaby1,Tamworth,Walgett,11/09/2014,,,,http://www.finance.gov.au/sites/default/files/P35_JOYCE_Barnaby1.pdf
JOYCE Barnaby1,Walgett,Mitchell,11/09/2014,,,,http://www.finance.gov.au/sites/default/files/P35_JOYCE_Barnaby1.pdf
JOYCE Barnaby1,Mitchell,Charleville,11/09/2014,,,,http://www.finance.gov.au/sites/default/files/P35_JOYCE_Barnaby1.pdf
JOYCE Barnaby1,Charleville,Tamworth,11/09/2014,,,,http://www.finance.gov.au/sites/default/files/P35_JOYCE_Barnaby1.pdf
JOYCE Barnaby1,Tamworth,Sydney,11/09/2014,,,,http://www.finance.gov.au/sites/default/files/P35_JOYCE_Barnaby1.pdf
RAMSEY Rowan,Port Lincoln,,15/09/2014,,$88.89,,http://www.finance.gov.au/sites/default/files/P35_RAMSEY_Rowan.pdf
CORMANN Mathias0,Gove,Elcho Island,17/09/2014,,"$1,327.27",,http://www.finance.gov.au/sites/default/files/P35_CORMANN_Mathias0.pdf
CORMANN Mathias0,Elcho Island,Gove,17/09/2014,,,,http://www.finance.gov.au/sites/default/files/P35_CORMANN_Mathias0.pdf
SMITH Dean,Perth,Mingenew,18/09/2014,,"$1,720.00",,http://www.finance.gov.au/sites/default/files/P35_SMITH_Dean.pdf
SMITH Dean,Mingenew,Perth,18/09/2014,,,,http://www.finance.gov.au/sites/default/files/P35_SMITH_Dean.pdf
RAMSEY Rowan,Port Pirie,Olympic Dam,19/09/2014,,"$2,200.00",,http://www.finance.gov.au/sites/default/files/P35_RAMSEY_Rowan.pdf
SCULLION Nigel,Darwin,Gove,19/09/2014,,"$5,100.00",,http://www.finance.gov.au/sites/default/files/P35_SCULLION_Nigel.pdf
SCULLION Nigel,Gove,Darwin,19/09/2014,,,,http://www.finance.gov.au/sites/default/files/P35_SCULLION_Nigel.pdf
JOYCE Barnaby1,Brisbane,Tamworth,20/09/2014,21/09/2014,"$8,500.00",,http://www.finance.gov.au/sites/default/files/P35_JOYCE_Barnaby1.pdf
COULTON Mark,Warialda,Canberra,21/09/2014,,"$3,545.45",,http://www.finance.gov.au/sites/default/files/P35_COULTON_Mark.pdf
CHESTER Darren,Canberra,Lakes Entrance,25/09/2014,,"$2,104.32",,http://www.finance.gov.au/sites/default/files/P35_CHESTER_Darren.pdf
COULTON Mark,Canberra,Warialda,26/09/2014,,"$3,545.45",,http://www.finance.gov.au/sites/default/files/P35_COULTON_Mark.pdf
O'DOWD Ken,Rockhampton,Taroom,27/09/2014,,"$3,100.00",,http://www.finance.gov.au/sites/default/files/P35_O'DOWD_Ken.pdf
SCULLION Nigel,Darwin,Katherine,27/09/2014,,"$14,727.27",,http://www.finance.gov.au/sites/default/files/P35_SCULLION_Nigel.pdf
TRUSS Warren,Hervey Bay,Roma,27/09/2014,,"$24,420.00",,http://www.finance.gov.au/sites/default/files/P35_TRUSS_Warren.pdf
SCULLION Nigel,Katherine,Burketown,27/09/2014,,,,http://www.finance.gov.au/sites/default/files/P35_SCULLION_Nigel.pdf
TRUSS Warren,Roma,Birdsville,27/09/2014,,,,http://www.finance.gov.au/sites/default/files/P35_TRUSS_Warren.pdf
SCOTT Bruce,Longreach,Thargomindah,28/09/2014,,"$7,770.00",,http://www.finance.gov.au/sites/default/files/P35_SCOTT_Bruce.pdf
SCULLION Nigel,Burketown,Cairns,28/09/2014,,,,http://www.finance.gov.au/sites/default/files/P35_SCULLION_Nigel.pdf
O'DOWD Ken,Taroom,Rockhampton,28/09/2014,,,,http://www.finance.gov.au/sites/default/files/P35_O'DOWD_Ken.pdf
TRUSS Warren,Birdsville,Thargomindah,28/09/2014,,,,http://www.finance.gov.au/sites/default/files/P35_TRUSS_Warren.pdf
TRUSS Warren,Thargomindah,Gold Coast,28/09/2014,,,,http://www.finance.gov.au/sites/default/files/P35_TRUSS_Warren.pdf
RAMSEY Rowan,Jamestown,Ceduna,03/10/2014,,"$1,958.64",,http://www.finance.gov.au/sites/default/files/P35_RAMSEY_Rowan.pdf
RAMSEY Rowan,Ceduna,Jamestown,04/10/2014,,,,http://www.finance.gov.au/sites/default/files/P35_RAMSEY_Rowan.pdf
BROAD Andrew,Mildura,Hopetoun,06/10/2014,,"$1,261.82",,http://www.finance.gov.au/sites/default/files/P35_BROAD_Andrew.pdf
PRICE Melissa,Geraldton,Wiluna,06/10/2014,,"$6,181.82",,http://www.finance.gov.au/sites/default/files/P35_PRICE_Melissa.pdf
BROAD Andrew,Hopetoun,Mildura,06/10/2014,,,,http://www.finance.gov.au/sites/default/files/P35_BROAD_Andrew.pdf
PRICE Melissa,Wiluna,Geraldton,06/10/2014,,,,http://www.finance.gov.au/sites/default/files/P35_PRICE_Melissa.pdf
SCULLION Nigel,Alice Springs,Yuendumu,08/10/2014,,"$2,713.64",,http://www.finance.gov.au/sites/default/files/P35_SCULLION_Nigel.pdf
SCULLION Nigel,Yuendumu,Alice Springs,08/10/2014,,,,http://www.finance.gov.au/sites/default/files/P35_SCULLION_Nigel.pdf
SMITH Dean,Albany,,09/10/2014,,$80.00,,http://www.finance.gov.au/sites/default/files/P35_SMITH_Dean.pdf
LANDRY Michelle,Rockhampton,Moranbah,09/10/2014,,"$1,500.00",,http://www.finance.gov.au/sites/default/files/P35_LANDRY_Michelle.pdf
O'DOWD Ken,Moranbah,Emerald,09/10/2014,,"$1,500.00",,http://www.finance.gov.au/sites/default/files/P35_O'DOWD_Ken.pdf
CANAVAN Matthew,Rockhampton,Moranbah,09/10/2014,,"$3,600.00",,http://www.finance.gov.au/sites/default/files/P35_CANAVAN_Matthew.pdf
WILSON Rick,Katanning,Kalgoorlie,09/10/2014,,"$8,063.20",,http://www.finance.gov.au/sites/default/files/P35_WILSON_Rick.pdf
CANAVAN Matthew,Moranbah,Emerald,09/10/2014,,,,http://www.finance.gov.au/sites/default/files/P35_CANAVAN_Matthew.pdf
CANAVAN Matthew,Emerald,Rockhampton,09/10/2014,,,,http://www.finance.gov.au/sites/default/files/P35_CANAVAN_Matthew.pdf
WILSON Rick,Kalgoorlie,Katanning,12/10/2014,,,,http://www.finance.gov.au/sites/default/files/P35_WILSON_Rick.pdf
SNOWDON Warren,Darwin,Numbulwar,13/10/2014,,"$4,818.18",,http://www.finance.gov.au/sites/default/files/P35_SNOWDON_Warren.pdf
SNOWDON Warren,Numbulwar,Darwin,13/10/2014,,,,http://www.finance.gov.au/sites/default/files/P35_SNOWDON_Warren.pdf
RAMSEY Rowan,Whyalla,Ceduna,14/10/2014,,"$1,870.91",,http://www.finance.gov.au/sites/default/files/P35_RAMSEY_Rowan.pdf
BIRMINGHAM Simon,Wagga Wagga,Canberra,15/10/2014,,$307.75,,http://www.finance.gov.au/sites/default/files/P35_BIRMINGHAM_Simon.pdf
PRICE Melissa,Karratha,,15/10/2014,19/10/2014,$800.74,,http://www.finance.gov.au/sites/default/files/P35_PRICE_Melissa.pdf
BROAD Andrew,Mildura,Nhill,15/10/2014,,"$1,236.36",,http://www.finance.gov.au/sites/default/files/P35_BROAD_Andrew.pdf
SCULLION Nigel,Townsville,Palm Island,15/10/2014,,"$1,379.63",,http://www.finance.gov.au/sites/default/files/P35_SCULLION_Nigel.pdf
SCULLION Nigel,Palm Island,Townsville,15/10/2014,,,,http://www.finance.gov.au/sites/default/files/P35_SCULLION_Nigel.pdf
BROAD Andrew,Nhill,Mildura,15/10/2014,,,,http://www.finance.gov.au/sites/default/files/P35_BROAD_Andrew.pdf
BACK Chris,Esperance,,16/10/2014,17/10/2014,$120.41,,http://www.finance.gov.au/sites/default/files/P35_BACK_Chris.pdf
RAMSEY Rowan,Port Lincoln,,17/10/2014,18/10/2014,$81.28,,http://www.finance.gov.au/sites/default/files/P35_RAMSEY_Rowan.pdf
CHESTER Darren,Lakes Entrance,Canberra,20/10/2014,,"$2,104.32",,http://www.finance.gov.au/sites/default/files/P35_CHESTER_Darren.pdf
PASIN Tony,Renmark,,24/10/2014,,$80.00,,http://www.finance.gov.au/sites/default/files/P35_PASIN_Tony.pdf
CHESTER Darren,Wagga Wagga,Lakes Entrance,24/10/2014,,"$1,992.64",,http://www.finance.gov.au/sites/default/files/P35_CHESTER_Darren.pdf
PASIN Tony,Mount Gambier,Renmark,24/10/2014,,"$3,318.18",,http://www.finance.gov.au/sites/default/files/P35_PASIN_Tony.pdf
PASIN Tony,Renmark,Naracoorte,24/10/2014,,,,http://www.finance.gov.au/sites/default/files/P35_PASIN_Tony.pdf
PASIN Tony,Naracoorte,Adelaide,24/10/2014,,,,http://www.finance.gov.au/sites/default/files/P35_PASIN_Tony.pdf
BISHOP Bronwyn,Melbourne,Geelong,05/11/2014,,"$5,227.27",,http://www.finance.gov.au/sites/default/files/P35_BISHOP_Bronwyn.pdf
BISHOP Bronwyn,Geelong,Melbourne,05/11/2014,,,,http://www.finance.gov.au/sites/default/files/P35_BISHOP_Bronwyn.pdf
BROAD Andrew,Mildura,Horsham,11/11/2014,,$872.73,,http://www.finance.gov.au/sites/default/files/P35_BROAD_Andrew.pdf
RYAN Scott,Essendon Airport,Ararat,13/11/2014,,"$4,523.00",,http://www.finance.gov.au/sites/default/files/P35_RYAN_Scott.pdf
RYAN Scott,Ararat,Essendon Airport,13/11/2014,,,,http://www.finance.gov.au/sites/default/files/P35_RYAN_Scott.pdf
WILLIAMS John,Inverell,Port Macquarie,15/11/2014,,"$2,463.64",,http://www.finance.gov.au/sites/default/files/P35_WILLIAMS_John.pdf
RONALDSON Michael,Ballarat,Euroa,16/11/2014,,"$1,924.55",,http://www.finance.gov.au/sites/default/files/P35_RONALDSON_Michael.pdf
WILLIAMS John,Port Macquarie,Inverell,16/11/2014,,,,http://www.finance.gov.au/sites/default/files/P35_WILLIAMS_John.pdf
RONALDSON Michael,Euroa,Ballarat,16/11/2014,,,,http://www.finance.gov.au/sites/default/files/P35_RONALDSON_Michael.pdf
RAMSEY Rowan,Port Pirie,Port Lincoln,20/11/2014,,"$1,195.45",,http://www.finance.gov.au/sites/default/files/P35_RAMSEY_Rowan.pdf
RAMSEY Rowan,Port Lincoln,Cleve,21/11/2014,,"$2,018.18",,http://www.finance.gov.au/sites/default/files/P35_RAMSEY_Rowan.pdf
PERIS Nova,Alice Springs,Haasts Bluff,21/11/2014,,"$2,569.09",,http://www.finance.gov.au/sites/default/files/P35_PERIS_Nova.pdf
PERIS Nova,Haasts Bluff,Papunya,21/11/2014,,,,http://www.finance.gov.au/sites/default/files/P35_PERIS_Nova.pdf
PERIS Nova,Papunya,Alice Springs,21/11/2014,,,,http://www.finance.gov.au/sites/default/files/P35_PERIS_Nova.pdf
