SNOWDON Warren,http://www.finance.gov.au/sites/default/files/P34_SNOWDON_Warren.pdf,1-Sep-13,3-Sep-13,Electorate Business,Darwin,$451.00,0,19http://www.finance.gov.au/sites/default/files/P34_SNOWDON_Warren.pdf22P34 SNOWDON Warren,$108.00,,*,-12.4628271,130.8417772,Lingiari,NT,Labor,Labor,lower,no
GRAY Gary,http://www.finance.gov.au/sites/default/files/P34_GRAY_Gary.pdf,21-Sep-13,21-Sep-13,Electorate Business,Kununurra,$348.00,0,12http://www.finance.gov.au/sites/default/files/P34_GRAY_Gary.pdf21P34 GRAY Gary,$95.00,,*,-15.7735463,128.739196,Brand,WA,Labor,Labor,lower,no
WYATT Ken,http://www.finance.gov.au/sites/default/files/P34_WYATT_Ken.pdf,25-Sep-13,26-Sep-13,Electorate Business,Kununurra,$348.00,0,19http://www.finance.gov.au/sites/default/files/P34_WYATT_Ken.pdf20P34 WYATT Ken,$190.00,,*,-15.7735463,128.739196,Hasluck,WA,Liberal,Coalition,lower,no
LEY Sussan,http://www.finance.gov.au/sites/default/files/P34_LEY_Sussan.pdf,4-Nov-13,4-Nov-13,Electorate Business,Ivanhoe,$119.00,0,68http://www.finance.gov.au/sites/default/files/P34_LEY_Sussan.pdf27P34 LEY Sussan,$34.00,,,-37.768791,145.042313,Farrer,NSW,Liberal,Coalition,lower,no
JOYCE Barnaby,http://www.finance.gov.au/sites/default/files/P34_JOYCE_Barnaby1.pdf,15-Nov-13,15-Nov-13,Electorate Business,Glencoe,$357.00,1,26http://www.finance.gov.au/sites/default/files/P34_JOYCE_Barnaby1.pdf31P34 JOYCE Barnaby1,$357.00,,,-37.687654,140.6113985,New England,NSW,National,Coalition,lower,no
HUTCHINSON Eric,http://www.finance.gov.au/sites/default/files/P34_HUTCHINSON_Eric.pdf,19-Dec-13,19-Dec-13,Electorate Business,Hobart,$108.00,1,25http://www.finance.gov.au/sites/default/files/P34_HUTCHINSON_Eric.pdf20P34 HUTCHINSON Eric,$108.00,,,-42.8819032,147.3238148,Lyons,TAS,Liberal,Coalition,lower,no
RAMSEY Rowan,http://www.finance.gov.au/sites/default/files/P34_RAMSEY_Rowan.pdf,23-Dec-13,23-Dec-13,Electorate Business,Adelaide,$118.00,1,11http://www.finance.gov.au/sites/default/files/P34_RAMSEY_Rowan.pdf20P34 RAMSEY Rowan,$118.00,,,-34.9286212,138.5999594,Grey,SA,Liberal,Coalition,lower,no
WHITELEY Brett,http://www.finance.gov.au/sites/default/files/P34_WHITELEY_Brett.pdf,6-Jan-14,7-Jan-14,Electorate Business,Canberra,$268.00,2,20http://www.finance.gov.au/sites/default/files/P34_WHITELEY_Brett.pdf5P34 WHITELEY Brett,$536.00,,,-35.2819998,149.1286843,Braddon,TAS,Liberal,Coalition,lower,no
WILKIE Andrew,http://www.finance.gov.au/sites/default/files/P34_WILKIE_Andrew.pdf,21-Jan-14,21-Jan-14,Electorate Business,Darwin,$415.00,1,20http://www.finance.gov.au/sites/default/files/P34_WILKIE_Andrew.pdf5P34 WILKIE Andrew,$415.00,,,-12.4628271,130.8417772,Denison,TAS,Independent,Independent,lower,no
PITT Keith,http://www.finance.gov.au/sites/default/files/P34_PITT_Keith.pdf,22-Jan-14,22-Jan-14,Electorate Business,Melbourne,$374.00,1,20http://www.finance.gov.au/sites/default/files/P34_PITT_Keith.pdf5P34 PITT Keith,$374.00,,,-37.814107,144.96328,Hinkler,QLD,National,Coalition,lower,no
KATTER Bob,http://www.finance.gov.au/sites/default/files/P34_KATTER_Bob.pdf,23-Jan-14,24-Jan-14,Electorate Business,Cairns,$286.00,2,41http://www.finance.gov.au/sites/default/files/P34_KATTER_Bob.pdf5P34 KATTER Bob,$572.00,,,-16.9203338,145.7708595,Kennedy,QLD,AUS,AUS,lower,no
JONES Ewen,http://www.finance.gov.au/sites/default/files/P34_JONES_Ewen.pdf,28-Jan-14,28-Jan-14,Electorate Business,Brisbane,$397.00,1,20http://www.finance.gov.au/sites/default/files/P34_JONES_Ewen.pdf5P34 JONES Ewen,$397.00,,,-27.4710107,153.0234489,Herbert,QLD,Liberal,Coalition,lower,no
O'DWYER Kelly,http://www.finance.gov.au/sites/default/files/P34_O'DWYER_Kelly.pdf,28-Jan-14,28-Jan-14,Electorate Business,Sydney,$375.00,1,21http://www.finance.gov.au/sites/default/files/P34_O'DWYER_Kelly.pdf5P34 O'DWYER Kelly,$375.00,,,-33.8674869,151.2069902,Higgins,VIC,Liberal,Coalition,lower,no
SNOWDON Warren,http://www.finance.gov.au/sites/default/files/P34_SNOWDON_Warren.pdf,29-Jan-14,29-Jan-14,Electorate Business,Darwin,$415.00,1,28http://www.finance.gov.au/sites/default/files/P34_SNOWDON_Warren.pdf5P34 SNOWDON Warren,$415.00,,,-12.4628271,130.8417772,Lingiari,NT,Labor,Labor,lower,no
ENTSCH Warren,http://www.finance.gov.au/sites/default/files/P34_ENTSCH_Warren.pdf,7-Feb-14,8-Feb-14,Electorate Business,Sydney,$375.00,2,27http://www.finance.gov.au/sites/default/files/P34_ENTSCH_Warren.pdf5P34 ENTSCH Warren,$750.00,,,-33.8674869,151.2069902,Leichhardt,QLD,Liberal,Coalition,lower,no
SNOWDON Warren,http://www.finance.gov.au/sites/default/files/P34_SNOWDON_Warren.pdf,7-Feb-14,8-Feb-14,Electorate Business,Darwin,$415.00,2,50http://www.finance.gov.au/sites/default/files/P34_SNOWDON_Warren.pdf5P34 SNOWDON Warren,$830.00,,,-12.4628271,130.8417772,Lingiari,NT,Labor,Labor,lower,no
WYATT Ken,http://www.finance.gov.au/sites/default/files/P34_WYATT_Ken.pdf,12-Feb-14,12-Feb-14,Electorate Business,Adelaide,$354.00,1,27http://www.finance.gov.au/sites/default/files/P34_WYATT_Ken.pdf5P34 WYATT Ken,$354.00,,,-34.9286212,138.5999594,Hasluck,WA,Liberal,Coalition,lower,no
KATTER Bob,http://www.finance.gov.au/sites/default/files/P34_KATTER_Bob.pdf,13-Feb-14,13-Feb-14,Electorate Business,Brisbane,$133.00,1,55http://www.finance.gov.au/sites/default/files/P34_KATTER_Bob.pdf5P34 KATTER Bob,$133.00,,,-27.4710107,153.0234489,Kennedy,QLD,AUS,AUS,lower,no
SNOWDON Warren,http://www.finance.gov.au/sites/default/files/P34_SNOWDON_Warren.pdf,16-Feb-14,17-Feb-14,Electorate Business,Darwin,$415.00,2,71http://www.finance.gov.au/sites/default/files/P34_SNOWDON_Warren.pdf5P34 SNOWDON Warren,$830.00,,,-12.4628271,130.8417772,Lingiari,NT,Labor,Labor,lower,no
KATTER Bob,http://www.finance.gov.au/sites/default/files/P34_KATTER_Bob.pdf,17-Feb-14,17-Feb-14,Electorate Business,Cairns,$286.00,1,62http://www.finance.gov.au/sites/default/files/P34_KATTER_Bob.pdf5P34 KATTER Bob,$286.00,,,-16.9203338,145.7708595,Kennedy,QLD,AUS,AUS,lower,no
WILSON Rick,http://www.finance.gov.au/sites/default/files/P34_WILSON_Rick.pdf,22-Feb-14,22-Feb-14,Electorate Business,Perth,$401.00,1,69http://www.finance.gov.au/sites/default/files/P34_WILSON_Rick.pdf5P34 WILSON Rick,$401.00,,,-31.9535132,115.8570471,O'Connor,WA,Liberal,Coalition,lower,no
TEHAN Dan,http://www.finance.gov.au/sites/default/files/P34_TEHAN_Dan.pdf,27-Feb-14,27-Feb-14,Electorate Business,Melbourne,$125.00,1,49http://www.finance.gov.au/sites/default/files/P34_TEHAN_Dan.pdf5P34 TEHAN Dan,$125.00,,,-37.814107,144.96328,Wannon,VIC,Liberal,Coalition,lower,no
CHRISTENSEN George,http://www.finance.gov.au/sites/default/files/P34_CHRISTENSEN_George.pdf,28-Feb-14,1-Mar-14,Electorate Business,Toowoomba,$278.00,2,55http://www.finance.gov.au/sites/default/files/P34_CHRISTENSEN_George.pdf5P34 CHRISTENSEN George,$556.00,,,-27.56433,151.9539874,Dawson,QLD,National,Coalition,lower,no
HOWARTH Luke,http://www.finance.gov.au/sites/default/files/P34_HOWARTH_Luke.pdf,28-Feb-14,28-Feb-14,Electorate Business,Toowoomba,$278.00,1,34http://www.finance.gov.au/sites/default/files/P34_HOWARTH_Luke.pdf5P34 HOWARTH Luke,$278.00,,,-27.56433,151.9539874,Petrie,QLD,Liberal,Coalition,lower,no
SNOWDON Warren,http://www.finance.gov.au/sites/default/files/P34_SNOWDON_Warren.pdf,28-Feb-14,1-Mar-14,Electorate Business,Darwin,$415.00,2,85http://www.finance.gov.au/sites/default/files/P34_SNOWDON_Warren.pdf5P34 SNOWDON Warren,$830.00,,,-12.4628271,130.8417772,Lingiari,NT,Labor,Labor,lower,no
WILSON Rick,http://www.finance.gov.au/sites/default/files/P34_WILSON_Rick.pdf,28-Feb-14,28-Feb-14,Electorate Business,Perth,$401.00,1,90http://www.finance.gov.au/sites/default/files/P34_WILSON_Rick.pdf5P34 WILSON Rick,$401.00,,,-31.9535132,115.8570471,O'Connor,WA,Liberal,Coalition,lower,no
COBB John,http://www.finance.gov.au/sites/default/files/P34_COBB_John.pdf,6-Mar-14,6-Mar-14,Electorate Business,Sydney,$375.00,1,41http://www.finance.gov.au/sites/default/files/P34_COBB_John.pdf5P34 COBB John,$375.00,,,-33.8674869,151.2069902,Calare,NSW,National,Coalition,lower,no
BROAD Andrew,http://www.finance.gov.au/sites/default/files/P34_BROAD_Andrew.pdf,7-Mar-14,8-Mar-14,Electorate Business,Canberra,$268.00,2,97http://www.finance.gov.au/sites/default/files/P34_BROAD_Andrew.pdf5P34 BROAD Andrew,$536.00,,,-35.2819998,149.1286843,Mallee,VIC,National,Coalition,lower,no
O'DOWD Ken,http://www.finance.gov.au/sites/default/files/P34_O'DOWD_Ken.pdf,7-Mar-14,7-Mar-14,Electorate Business,Bundaberg,$278.00,1,76http://www.finance.gov.au/sites/default/files/P34_O'DOWD_Ken.pdf5P34 O'DOWD Ken,$278.00,,,-24.8653911,152.3487394,Flynn,QLD,National,Coalition,lower,no
MCCORMACK Michael,http://www.finance.gov.au/sites/default/files/P34_MCCORMACK_Michael.pdf,11-Mar-14,11-Mar-14,Electorate Business,Gladstone,$357.00,1,97http://www.finance.gov.au/sites/default/files/P34_MCCORMACK_Michael.pdf5P34 MCCORMACK Michael,$357.00,,,-40.9599627,148.0096034,Riverina,NSW,National,Coalition,lower,no
MCCORMACK Michael,http://www.finance.gov.au/sites/default/files/P34_MCCORMACK_Michael.pdf,12-Mar-14,12-Mar-14,Electorate Business,Sydney,$432.00,1,104http://www.finance.gov.au/sites/default/files/P34_MCCORMACK_Michael.pdf5P34 MCCORMACK Michael,$432.00,,,-33.8674869,151.2069902,Riverina,NSW,National,Coalition,lower,no
LANDRY Michelle,http://www.finance.gov.au/sites/default/files/P34_LANDRY_Michelle.pdf,13-Mar-14,13-Mar-14,Electorate Business,Mackay,$298.00,1,55http://www.finance.gov.au/sites/default/files/P34_LANDRY_Michelle.pdf5P34 LANDRY Michelle,$298.00,,,-21.1412101,149.1856253,Capricornia,QLD,National,Coalition,lower,no
WHITELEY Brett,http://www.finance.gov.au/sites/default/files/P34_WHITELEY_Brett.pdf,15-Mar-14,15-Mar-14,Electorate Business,Hobart,$322.00,1,48http://www.finance.gov.au/sites/default/files/P34_WHITELEY_Brett.pdf5P34 WHITELEY Brett,$322.00,,,-42.8819032,147.3238148,Braddon,TAS,Liberal,Coalition,lower,no
O'NEIL Clare,http://www.finance.gov.au/sites/default/files/P34_O'NEIL_Clare.pdf,20-Mar-14,20-Mar-14,Electorate Business,Sydney,$375.00,1,41http://www.finance.gov.au/sites/default/files/P34_O'NEIL_Clare.pdf5P34 O'NEIL Clare,$375.00,,,-33.8674869,151.2069902,Hotham,VIC,Labor,Labor,lower,no
TEHAN Dan,http://www.finance.gov.au/sites/default/files/P34_TEHAN_Dan.pdf,20-Mar-14,20-Mar-14,Electorate Business,Melbourne,$125.00,1,70http://www.finance.gov.au/sites/default/files/P34_TEHAN_Dan.pdf5P34 TEHAN Dan,$125.00,,,-37.814107,144.96328,Wannon,VIC,Liberal,Coalition,lower,no
KATTER Bob,http://www.finance.gov.au/sites/default/files/P34_KATTER_Bob.pdf,24-Mar-14,24-Mar-14,Electorate Business,Brisbane,$397.00,1,104http://www.finance.gov.au/sites/default/files/P34_KATTER_Bob.pdf5P34 KATTER Bob,$397.00,,,-27.4710107,153.0234489,Kennedy,QLD,AUS,AUS,lower,no
TEHAN Dan,http://www.finance.gov.au/sites/default/files/P34_TEHAN_Dan.pdf,27-Mar-14,28-Mar-14,Electorate Business,Townsville,$278.00,2,84http://www.finance.gov.au/sites/default/files/P34_TEHAN_Dan.pdf5P34 TEHAN Dan,$556.00,,,-19.2576223,146.8178787,Wannon,VIC,Liberal,Coalition,lower,no
MCGOWAN Cathy,http://www.finance.gov.au/sites/default/files/P35_MCGOWAN_Cathy.pdf,29-Mar-14,29-Mar-14,Electorate Business,Echuca,$278.00,1,25http://www.finance.gov.au/sites/default/files/P35_MCGOWAN_Cathy.pdf20P35 MCGOWAN Cathy,$278.00,,,-36.1277236,144.7494973,Indi,VIC,Independent,Independent,lower,no
BROAD Andrew,http://www.finance.gov.au/sites/default/files/P34_BROAD_Andrew.pdf,31-Mar-14,31-Mar-14,Electorate Business,Ballarat,$278.00,1,125http://www.finance.gov.au/sites/default/files/P34_BROAD_Andrew.pdf5P34 BROAD Andrew,$278.00,,,-37.5636495,143.8671868,Mallee,VIC,National,Coalition,lower,no
TEHAN Dan,http://www.finance.gov.au/sites/default/files/P34_TEHAN_Dan.pdf,1-Apr-14,1-Apr-14,Electorate Business,Maryborough,$253.00,1,91http://www.finance.gov.au/sites/default/files/P34_TEHAN_Dan.pdf5P34 TEHAN Dan,$253.00,,,-25.5371225,152.701553,Wannon,VIC,Liberal,Coalition,lower,no
TEHAN Dan,http://www.finance.gov.au/sites/default/files/P34_TEHAN_Dan.pdf,3-Apr-14,3-Apr-14,Electorate Business,Melbourne,$125.00,1,98http://www.finance.gov.au/sites/default/files/P34_TEHAN_Dan.pdf5P34 TEHAN Dan,$125.00,,,-37.814107,144.96328,Wannon,VIC,Liberal,Coalition,lower,no
ALEXANDER John,http://www.finance.gov.au/sites/default/files/P34_ALEXANDER_John.pdf,8-Apr-14,9-Apr-14,Electorate Business,Melbourne,$374.00,2,55http://www.finance.gov.au/sites/default/files/P34_ALEXANDER_John.pdf5P34 ALEXANDER John,$748.00,,,-37.814107,144.96328,Bennelong,NSW,Liberal,Coalition,lower,no
HUTCHINSON Eric,http://www.finance.gov.au/sites/default/files/P34_HUTCHINSON_Eric.pdf,10-Apr-14,10-Apr-14,Electorate Business,Swansea,$253.00,1,69http://www.finance.gov.au/sites/default/files/P34_HUTCHINSON_Eric.pdf5P34 HUTCHINSON Eric,$253.00,,,-33.089413,151.636956,Lyons,TAS,Liberal,Coalition,lower,no
LAMING Andrew,http://www.finance.gov.au/sites/default/files/P34_LAMING_Andrew.pdf,14-Apr-14,15-Apr-14,Electorate Business,Roma,$278.00,2,69http://www.finance.gov.au/sites/default/files/P34_LAMING_Andrew.pdf5P34 LAMING Andrew,$556.00,,,-26.5717657,148.7904026,Bowman,QLD,Liberal,Coalition,lower,no
WILKIE Andrew,http://www.finance.gov.au/sites/default/files/P34_WILKIE_Andrew.pdf,14-Apr-14,14-Apr-14,Electorate Business,Brisbane,$397.00,1,62http://www.finance.gov.au/sites/default/files/P34_WILKIE_Andrew.pdf5P34 WILKIE Andrew,$397.00,,,-27.4710107,153.0234489,Denison,TAS,Independent,Independent,lower,no
WILSON Rick,http://www.finance.gov.au/sites/default/files/P34_WILSON_Rick.pdf,14-Apr-14,14-Apr-14,Electorate Business,Perth,$401.00,1,188http://www.finance.gov.au/sites/default/files/P34_WILSON_Rick.pdf5P34 WILSON Rick,$401.00,,,-31.9535132,115.8570471,O'Connor,WA,Liberal,Coalition,lower,no
KATTER Bob,http://www.finance.gov.au/sites/default/files/P35_KATTER_Bob.pdf,27-Apr-14,27-Apr-14,Electorate Business,Brisbane,$397.00,1,18http://www.finance.gov.au/sites/default/files/P35_KATTER_Bob.pdf30P35 KATTER Bob,$397.00,,,-27.4710107,153.0234489,Kennedy,QLD,AUS,AUS,lower,no
O'DWYER Kelly,http://www.finance.gov.au/sites/default/files/P34_O'DWYER_Kelly.pdf,28-Apr-14,28-Apr-14,Electorate Business,Sydney,$375.00,1,85http://www.finance.gov.au/sites/default/files/P34_O'DWYER_Kelly.pdf5P34 O'DWYER Kelly,$375.00,,,-33.8674869,151.2069902,Higgins,VIC,Liberal,Coalition,lower,no
WILSON Rick,http://www.finance.gov.au/sites/default/files/P34_WILSON_Rick.pdf,30-Apr-14,30-Apr-14,Electorate Business,Warburton,$253.00,1,223http://www.finance.gov.au/sites/default/files/P34_WILSON_Rick.pdf5P34 WILSON Rick,$253.00,,,-37.753601,145.689087,O'Connor,WA,Liberal,Coalition,lower,no
STONE Sharman,http://www.finance.gov.au/sites/default/files/P34_STONE_Sharman.pdf,10-May-14,10-May-14,Electorate Business,Canberra,$268.00,1,83http://www.finance.gov.au/sites/default/files/P34_STONE_Sharman.pdf5P34 STONE Sharman,$268.00,,,-35.2819998,149.1286843,Murray,VIC,Liberal,Coalition,lower,no
STONE Sharman,http://www.finance.gov.au/sites/default/files/P34_STONE_Sharman.pdf,11-May-14,11-May-14,Electorate Business,Sydney,$375.00,1,90http://www.finance.gov.au/sites/default/files/P34_STONE_Sharman.pdf5P34 STONE Sharman,$375.00,,,-33.8674869,151.2069902,Murray,VIC,Liberal,Coalition,lower,no
HUTCHINSON Eric,http://www.finance.gov.au/sites/default/files/P34_HUTCHINSON_Eric.pdf,15-May-14,15-May-14,Electorate Business,Melbourne,$374.00,1,83http://www.finance.gov.au/sites/default/files/P34_HUTCHINSON_Eric.pdf5P34 HUTCHINSON Eric,$374.00,,,-37.814107,144.96328,Lyons,TAS,Liberal,Coalition,lower,no
SNOWDON Warren,http://www.finance.gov.au/sites/default/files/P35_SNOWDON_Warren.pdf,16-May-14,16-May-14,Electorate Business,Melbourne,$374.00,1,66http://www.finance.gov.au/sites/default/files/P35_SNOWDON_Warren.pdf21P35 SNOWDON Warren,$374.00,,,-37.814107,144.96328,Lingiari,NT,Labor,Labor,lower,no
GAMBARO Teresa,http://www.finance.gov.au/sites/default/files/P34_GAMBARO_Teresa.pdf,16-May-14,16-May-14,Electorate Business,Mackay,$298.00,1,70http://www.finance.gov.au/sites/default/files/P34_GAMBARO_Teresa.pdf5P34 GAMBARO Teresa,$298.00,,,-21.1412101,149.1856253,Brisbane,QLD,Liberal,Coalition,lower,no
SNOWDON Warren,http://www.finance.gov.au/sites/default/files/P35_SNOWDON_Warren.pdf,17-May-14,17-May-14,Electorate Business,Darwin,$415.00,1,73http://www.finance.gov.au/sites/default/files/P35_SNOWDON_Warren.pdf21P35 SNOWDON Warren,$415.00,,,-12.4628271,130.8417772,Lingiari,NT,Labor,Labor,lower,no
BUCHHOLZ Scott,http://www.finance.gov.au/sites/default/files/P34_BUCHHOLZ_Scott.pdf,19-May-14,19-May-14,Electorate Business,Rockhampton,$278.00,1,76http://www.finance.gov.au/sites/default/files/P34_BUCHHOLZ_Scott.pdf5P34 BUCHHOLZ Scott,$278.00,,,-23.3779152,150.5101026,Wright,QLD,Liberal,Coalition,lower,no
SCOTT Bruce,http://www.finance.gov.au/sites/default/files/P35_SCOTT_Bruce.pdf,21-May-14,21-May-14,Electorate Business,Adelaide,$376.00,1,19http://www.finance.gov.au/sites/default/files/P35_SCOTT_Bruce.pdf22P35 SCOTT Bruce,$376.00,,,-34.9286212,138.5999594,Maranoa,QLD,National,Coalition,lower,no
LANDRY Michelle,http://www.finance.gov.au/sites/default/files/P34_LANDRY_Michelle.pdf,21-May-14,22-May-14,Electorate Business,Mackay,$298.00,2,118http://www.finance.gov.au/sites/default/files/P34_LANDRY_Michelle.pdf5P34 LANDRY Michelle,$596.00,,,-21.1412101,149.1856253,Capricornia,QLD,National,Coalition,lower,no
HENDY Peter,http://www.finance.gov.au/sites/default/files/P35_HENDY_Peter.pdf,22-May-14,22-May-14,Electorate Business,Sydney,$375.00,1,18http://www.finance.gov.au/sites/default/files/P35_HENDY_Peter.pdf17P35 HENDY Peter,$375.00,,,-33.8674869,151.2069902,Eden-Monaro,NSW,Liberal,Coalition,lower,no
SCOTT Bruce,http://www.finance.gov.au/sites/default/files/P35_SCOTT_Bruce.pdf,22-May-14,22-May-14,Electorate Business,Innamincka,$357.00,1,26http://www.finance.gov.au/sites/default/files/P35_SCOTT_Bruce.pdf22P35 SCOTT Bruce,$357.00,,,-27.7075596,140.7392213,Maranoa,QLD,National,Coalition,lower,no
SWAN Wayne,http://www.finance.gov.au/sites/default/files/P34_SWAN_Wayne.pdf,23-May-14,23-May-14,Electorate Business,Sydney,$375.00,1,55http://www.finance.gov.au/sites/default/files/P34_SWAN_Wayne.pdf5P34 SWAN Wayne,$375.00,,,-33.8674869,151.2069902,Lilley,QLD,Labor,Labor,lower,no
SCOTT Bruce,http://www.finance.gov.au/sites/default/files/P35_SCOTT_Bruce.pdf,5-Jun-14,5-Jun-14,Electorate Business,Brisbane,$419.00,1,33http://www.finance.gov.au/sites/default/files/P35_SCOTT_Bruce.pdf22P35 SCOTT Bruce,$419.00,,,-27.4710107,153.0234489,Maranoa,QLD,National,Coalition,lower,no
SNOWDON Warren,http://www.finance.gov.au/sites/default/files/P35_SNOWDON_Warren.pdf,6-Jun-14,7-Jun-14,Electorate Business,Darwin,$415.00,2,126http://www.finance.gov.au/sites/default/files/P35_SNOWDON_Warren.pdf21P35 SNOWDON Warren,$830.00,,,-12.4628271,130.8417772,Lingiari,NT,Labor,Labor,lower,no
SCOTT Bruce,http://www.finance.gov.au/sites/default/files/P35_SCOTT_Bruce.pdf,10-Jun-14,10-Jun-14,Electorate Business,Brisbane,$419.00,1,47http://www.finance.gov.au/sites/default/files/P35_SCOTT_Bruce.pdf22P35 SCOTT Bruce,$419.00,,,-27.4710107,153.0234489,Maranoa,QLD,National,Coalition,lower,no
SNOWDON Warren,http://www.finance.gov.au/sites/default/files/P35_SNOWDON_Warren.pdf,11-Jun-14,12-Jun-14,Electorate Business,Darwin,$415.00,2,133http://www.finance.gov.au/sites/default/files/P35_SNOWDON_Warren.pdf21P35 SNOWDON Warren,$830.00,,,-12.4628271,130.8417772,Lingiari,NT,Labor,Labor,lower,no
LAMING Andrew,http://www.finance.gov.au/sites/default/files/P35_LAMING_Andrew.pdf,13-Jun-14,15-Jun-14,Electorate Business,Sydney,$375.00,3,18http://www.finance.gov.au/sites/default/files/P35_LAMING_Andrew.pdf19P35 LAMING Andrew,"$1,125.00",,,-33.8674869,151.2069902,Bowman,QLD,Liberal,Coalition,lower,no
SCOTT Bruce,http://www.finance.gov.au/sites/default/files/P35_SCOTT_Bruce.pdf,19-Jun-14,19-Jun-14,Electorate Business,Brisbane,$419.00,1,61http://www.finance.gov.au/sites/default/files/P35_SCOTT_Bruce.pdf22P35 SCOTT Bruce,$419.00,,,-27.4710107,153.0234489,Maranoa,QLD,National,Coalition,lower,no
BUCHHOLZ Scott,http://www.finance.gov.au/sites/default/files/P34_BUCHHOLZ_Scott.pdf,21-Jun-14,21-Jun-14,Electorate Business,Cairns,$286.00,1,104http://www.finance.gov.au/sites/default/files/P34_BUCHHOLZ_Scott.pdf5P34 BUCHHOLZ Scott,$286.00,,,-16.9203338,145.7708595,Wright,QLD,Liberal,Coalition,lower,no
SNOWDON Warren,http://www.finance.gov.au/sites/default/files/P35_SNOWDON_Warren.pdf,26-Jun-14,26-Jun-14,Electorate Business,Perth,$401.00,1,162http://www.finance.gov.au/sites/default/files/P35_SNOWDON_Warren.pdf21P35 SNOWDON Warren,$401.00,,,-31.9535132,115.8570471,Lingiari,NT,Labor,Labor,lower,no
PARKE Melissa,http://www.finance.gov.au/sites/default/files/P35_PARKE_Melissa.pdf,28-Jun-14,28-Jun-14,Electorate Business,Sydney,$125.00,1,18http://www.finance.gov.au/sites/default/files/P35_PARKE_Melissa.pdf16P35 PARKE Melissa,$125.00,,,-33.8674869,151.2069902,Fremantle,WA,Labor,Labor,lower,no
LANDRY Michelle,http://www.finance.gov.au/sites/default/files/P35_LANDRY_Michelle.pdf,30-Jun-14,30-Jun-14,Electorate Business,Mackay,$298.00,1,32http://www.finance.gov.au/sites/default/files/P35_LANDRY_Michelle.pdf24P35 LANDRY Michelle,$298.00,,,-21.1412101,149.1856253,Capricornia,QLD,National,Coalition,lower,no
CHESTERS Lisa,http://www.finance.gov.au/sites/default/files/P35_CHESTERS_Lisa.pdf,4-Jul-14,4-Jul-14,Electorate Business,Melbourne,$253.00,1,20http://www.finance.gov.au/sites/default/files/P35_CHESTERS_Lisa.pdf5P35 CHESTERS Lisa,$253.00,,,-37.814107,144.96328,Bendigo,VIC,Labor,Labor,lower,no
IRONS Steve,http://www.finance.gov.au/sites/default/files/P35_IRONS_Steve.pdf,4-Jul-14,4-Jul-14,Electorate Business,Sydney,$375.00,1,20http://www.finance.gov.au/sites/default/files/P35_IRONS_Steve.pdf5P35 IRONS Steve,$375.00,,,-33.8674869,151.2069902,Swan,WA,Liberal,Coalition,lower,no
GILLESPIE David,http://www.finance.gov.au/sites/default/files/P35_GILLESPIE_David.pdf,9-Jul-14,9-Jul-14,Electorate Business,Sydney,$125.00,1,27http://www.finance.gov.au/sites/default/files/P35_GILLESPIE_David.pdf5P35 GILLESPIE David,$125.00,,,-33.8674869,151.2069902,Lyne,NSW,National,Coalition,lower,no
SIMPKINS Luke,http://www.finance.gov.au/sites/default/files/P35_SIMPKINS_Luke.pdf,10-Jul-14,10-Jul-14,Electorate Business,Melbourne,$374.00,1,27http://www.finance.gov.au/sites/default/files/P35_SIMPKINS_Luke.pdf5P35 SIMPKINS Luke,$374.00,,,-37.814107,144.96328,Cowan,WA,Liberal,Coalition,lower,no
WYATT Ken,http://www.finance.gov.au/sites/default/files/P35_WYATT_Ken.pdf,11-Jul-14,11-Jul-14,Electorate Business,Gold Coast,$295.00,1,27http://www.finance.gov.au/sites/default/files/P35_WYATT_Ken.pdf5P35 WYATT Ken,$295.00,,,-28.0172605,153.4256987,Hasluck,WA,Liberal,Coalition,lower,no
KATTER Bob,http://www.finance.gov.au/sites/default/files/P35_KATTER_Bob.pdf,13-Jul-14,13-Jul-14,Electorate Business,Cairns,$286.00,1,48http://www.finance.gov.au/sites/default/files/P35_KATTER_Bob.pdf5P35 KATTER Bob,$286.00,,,-16.9203338,145.7708595,Kennedy,QLD,AUS,AUS,lower,no
KATTER Bob,http://www.finance.gov.au/sites/default/files/P35_KATTER_Bob.pdf,19-Jul-14,19-Jul-14,Electorate Business,Cairns,$286.00,1,62http://www.finance.gov.au/sites/default/files/P35_KATTER_Bob.pdf5P35 KATTER Bob,$286.00,,,-16.9203338,145.7708595,Kennedy,QLD,AUS,AUS,lower,no
COULTON Mark,http://www.finance.gov.au/sites/default/files/P35_COULTON_Mark.pdf,22-Jul-14,22-Jul-14,Electorate Business,Tamworth,$278.00,1,69http://www.finance.gov.au/sites/default/files/P35_COULTON_Mark.pdf5P35 COULTON Mark,$278.00,,,-31.1063157,150.9307341,Parkes,NSW,National,Coalition,lower,no
TEHAN Dan,http://www.finance.gov.au/sites/default/files/P35_TEHAN_Dan.pdf,23-Jul-14,23-Jul-14,Electorate Business,Maryborough,$253.00,1,27http://www.finance.gov.au/sites/default/files/P35_TEHAN_Dan.pdf5P35 TEHAN Dan,$253.00,,,-25.5371225,152.701553,Wannon,VIC,Liberal,Coalition,lower,no
LANDRY Michelle,http://www.finance.gov.au/sites/default/files/P35_LANDRY_Michelle.pdf,23-Jul-14,23-Jul-14,Electorate Business,Mackay,$298.00,1,41http://www.finance.gov.au/sites/default/files/P35_LANDRY_Michelle.pdf5P35 LANDRY Michelle,$298.00,,,-21.1412101,149.1856253,Capricornia,QLD,National,Coalition,lower,no
HUTCHINSON Eric,http://www.finance.gov.au/sites/default/files/P35_HUTCHINSON_Eric.pdf,24-Jul-14,24-Jul-14,Electorate Business,Swansea,$253.00,1,34http://www.finance.gov.au/sites/default/files/P35_HUTCHINSON_Eric.pdf5P35 HUTCHINSON Eric,$253.00,,,-33.089413,151.636956,Lyons,TAS,Liberal,Coalition,lower,no
CHRISTENSEN George,http://www.finance.gov.au/sites/default/files/P35_CHRISTENSEN_George.pdf,24-Jul-14,24-Jul-14,Electorate Business,Townsville,$278.00,1,41http://www.finance.gov.au/sites/default/files/P35_CHRISTENSEN_George.pdf5P35 CHRISTENSEN George,$278.00,,,-19.2576223,146.8178787,Dawson,QLD,National,Coalition,lower,no
KATTER Bob,http://www.finance.gov.au/sites/default/files/P35_KATTER_Bob.pdf,28-Jul-14,28-Jul-14,Electorate Business,Cairns,$286.00,1,69http://www.finance.gov.au/sites/default/files/P35_KATTER_Bob.pdf5P35 KATTER Bob,$286.00,,,-16.9203338,145.7708595,Kennedy,QLD,AUS,AUS,lower,no
TEHAN Dan,http://www.finance.gov.au/sites/default/files/P35_TEHAN_Dan.pdf,29-Jul-14,29-Jul-14,Electorate Business,Melbourne,$125.00,1,34http://www.finance.gov.au/sites/default/files/P35_TEHAN_Dan.pdf5P35 TEHAN Dan,$125.00,,,-37.814107,144.96328,Wannon,VIC,Liberal,Coalition,lower,no
SNOWDON Warren,http://www.finance.gov.au/sites/default/files/P35_SNOWDON_Warren.pdf,1-Aug-14,1-Aug-14,Electorate Business,Darwin,$415.00,1,43http://www.finance.gov.au/sites/default/files/P35_SNOWDON_Warren.pdf5P35 SNOWDON Warren,$415.00,,,-12.4628271,130.8417772,Lingiari,NT,Labor,Labor,lower,no
O'DOWD Ken,http://www.finance.gov.au/sites/default/files/P35_O'DOWD_Ken.pdf,2-Aug-14,2-Aug-14,Electorate Business,Middlemount,$253.00,1,48http://www.finance.gov.au/sites/default/files/P35_O'DOWD_Ken.pdf5P35 O'DOWD Ken,$253.00,,,-22.8102735,148.6998219,Flynn,QLD,National,Coalition,lower,no
SNOWDON Warren,http://www.finance.gov.au/sites/default/files/P35_SNOWDON_Warren.pdf,3-Aug-14,3-Aug-14,Electorate Business,Darwin,$415.00,1,57http://www.finance.gov.au/sites/default/files/P35_SNOWDON_Warren.pdf5P35 SNOWDON Warren,$415.00,,,-12.4628271,130.8417772,Lingiari,NT,Labor,Labor,lower,no
WILSON Rick,http://www.finance.gov.au/sites/default/files/P35_WILSON_Rick.pdf,4-Aug-14,4-Aug-14,Electorate Business,Perth,$401.00,1,76http://www.finance.gov.au/sites/default/files/P35_WILSON_Rick.pdf5P35 WILSON Rick,$401.00,,,-31.9535132,115.8570471,O'Connor,WA,Liberal,Coalition,lower,no
CHESTER Darren,http://www.finance.gov.au/sites/default/files/P35_CHESTER_Darren.pdf,7-Aug-14,7-Aug-14,Electorate Business,Melbourne,$432.00,1,90http://www.finance.gov.au/sites/default/files/P35_CHESTER_Darren.pdf5P35 CHESTER Darren,$432.00,,,-37.814107,144.96328,Gippsland,VIC,National,Coalition,lower,no
WILSON Rick,http://www.finance.gov.au/sites/default/files/P35_WILSON_Rick.pdf,9-Aug-14,9-Aug-14,Electorate Business,Perth,$401.00,1,83http://www.finance.gov.au/sites/default/files/P35_WILSON_Rick.pdf5P35 WILSON Rick,$401.00,,,-31.9535132,115.8570471,O'Connor,WA,Liberal,Coalition,lower,no
ALEXANDER John,http://www.finance.gov.au/sites/default/files/P35_ALEXANDER_John.pdf,10-Aug-14,10-Aug-14,Electorate Business,Melbourne,$374.00,1,27http://www.finance.gov.au/sites/default/files/P35_ALEXANDER_John.pdf5P35 ALEXANDER John,$374.00,,,-37.814107,144.96328,Bennelong,NSW,Liberal,Coalition,lower,no
MCGOWAN Cathy,http://www.finance.gov.au/sites/default/files/P35_MCGOWAN_Cathy.pdf,11-Aug-14,11-Aug-14,Electorate Business,Bendigo,$278.00,1,34http://www.finance.gov.au/sites/default/files/P35_MCGOWAN_Cathy.pdf5P35 MCGOWAN Cathy,$278.00,,,-36.7587109,144.2837466,Indi,VIC,Independent,Independent,lower,no
BUCHHOLZ Scott,http://www.finance.gov.au/sites/default/files/P35_BUCHHOLZ_Scott.pdf,11-Aug-14,11-Aug-14,Electorate Business,Brisbane,$397.00,1,41http://www.finance.gov.au/sites/default/files/P35_BUCHHOLZ_Scott.pdf5P35 BUCHHOLZ Scott,$397.00,,,-27.4710107,153.0234489,Wright,QLD,Liberal,Coalition,lower,no
MCGOWAN Cathy,http://www.finance.gov.au/sites/default/files/P35_MCGOWAN_Cathy.pdf,12-Aug-14,12-Aug-14,Electorate Business,Hobart,$322.00,1,41http://www.finance.gov.au/sites/default/files/P35_MCGOWAN_Cathy.pdf5P35 MCGOWAN Cathy,$322.00,,,-42.8819032,147.3238148,Indi,VIC,Independent,Independent,lower,no
HUTCHINSON Eric,http://www.finance.gov.au/sites/default/files/P35_HUTCHINSON_Eric.pdf,12-Aug-14,12-Aug-14,Electorate Business,Melbourne,$374.00,1,41http://www.finance.gov.au/sites/default/files/P35_HUTCHINSON_Eric.pdf5P35 HUTCHINSON Eric,$374.00,,,-37.814107,144.96328,Lyons,TAS,Liberal,Coalition,lower,no
SWAN Wayne,http://www.finance.gov.au/sites/default/files/P35_SWAN_Wayne.pdf,13-Aug-14,13-Aug-14,Electorate Business,Sydney,$375.00,1,20http://www.finance.gov.au/sites/default/files/P35_SWAN_Wayne.pdf5P35 SWAN Wayne,$375.00,,,-33.8674869,151.2069902,Lilley,QLD,Labor,Labor,lower,no
HUTCHINSON Eric,http://www.finance.gov.au/sites/default/files/P35_HUTCHINSON_Eric.pdf,14-Aug-14,14-Aug-14,Electorate Business,Melbourne,$374.00,1,48http://www.finance.gov.au/sites/default/files/P35_HUTCHINSON_Eric.pdf5P35 HUTCHINSON Eric,$374.00,,,-37.814107,144.96328,Lyons,TAS,Liberal,Coalition,lower,no
SNOWDON Warren,http://www.finance.gov.au/sites/default/files/P35_SNOWDON_Warren.pdf,14-Aug-14,16-Aug-14,Electorate Business,Darwin,$415.00,3,71http://www.finance.gov.au/sites/default/files/P35_SNOWDON_Warren.pdf5P35 SNOWDON Warren,"$1,245.00",,,-12.4628271,130.8417772,Lingiari,NT,Labor,Labor,lower,no
CHRISTENSEN George,http://www.finance.gov.au/sites/default/files/P35_CHRISTENSEN_George.pdf,17-Aug-14,17-Aug-14,Electorate Business,Townsville,$278.00,1,62http://www.finance.gov.au/sites/default/files/P35_CHRISTENSEN_George.pdf5P35 CHRISTENSEN George,$278.00,,,-19.2576223,146.8178787,Dawson,QLD,National,Coalition,lower,no
SUDMALIS Ann,http://www.finance.gov.au/sites/default/files/P35_SUDMALIS_Ann.pdf,17-Aug-14,17-Aug-14,Electorate Business,Darwin,$415.00,1,41http://www.finance.gov.au/sites/default/files/P35_SUDMALIS_Ann.pdf5P35 SUDMALIS Ann,$415.00,,,-12.4628271,130.8417772,Gilmore,NSW,Liberal,Coalition,lower,no
WILSON Rick,http://www.finance.gov.au/sites/default/files/P35_WILSON_Rick.pdf,18-Aug-14,18-Aug-14,Electorate Business,Hopetoun,$253.00,1,104http://www.finance.gov.au/sites/default/files/P35_WILSON_Rick.pdf5P35 WILSON Rick,$253.00,,,-35.7277152,142.3635906,O'Connor,WA,Liberal,Coalition,lower,no
O'NEIL Clare,http://www.finance.gov.au/sites/default/files/P35_O'NEIL_Clare.pdf,18-Aug-14,18-Aug-14,Electorate Business,Perth,$401.00,1,27http://www.finance.gov.au/sites/default/files/P35_O'NEIL_Clare.pdf5P35 O'NEIL Clare,$401.00,,,-31.9535132,115.8570471,Hotham,VIC,Labor,Labor,lower,no
LANDRY Michelle,http://www.finance.gov.au/sites/default/files/P35_LANDRY_Michelle.pdf,19-Aug-14,19-Aug-14,Electorate Business,Bowen,$253.00,1,69http://www.finance.gov.au/sites/default/files/P35_LANDRY_Michelle.pdf5P35 LANDRY Michelle,$253.00,,,-20.0121951,148.2462909,Capricornia,QLD,National,Coalition,lower,no
TEHAN Dan,http://www.finance.gov.au/sites/default/files/P35_TEHAN_Dan.pdf,19-Aug-14,20-Aug-14,Electorate Business,Melbourne,$125.00,2,57http://www.finance.gov.au/sites/default/files/P35_TEHAN_Dan.pdf5P35 TEHAN Dan,$250.00,,,-37.814107,144.96328,Wannon,VIC,Liberal,Coalition,lower,no
SNOWDON Warren,http://www.finance.gov.au/sites/default/files/P35_SNOWDON_Warren.pdf,20-Aug-14,22-Aug-14,Electorate Business,Darwin,$415.00,3,86http://www.finance.gov.au/sites/default/files/P35_SNOWDON_Warren.pdf5P35 SNOWDON Warren,"$1,245.00",,,-12.4628271,130.8417772,Lingiari,NT,Labor,Labor,lower,no
KATTER Bob,http://www.finance.gov.au/sites/default/files/P35_KATTER_Bob.pdf,28-Aug-14,28-Aug-14,Electorate Business,Sydney,$375.00,1,97http://www.finance.gov.au/sites/default/files/P35_KATTER_Bob.pdf5P35 KATTER Bob,$375.00,,,-33.8674869,151.2069902,Kennedy,QLD,AUS,AUS,lower,no
TEHAN Dan,http://www.finance.gov.au/sites/default/files/P35_TEHAN_Dan.pdf,28-Aug-14,28-Aug-14,Electorate Business,Sydney,$375.00,1,71http://www.finance.gov.au/sites/default/files/P35_TEHAN_Dan.pdf5P35 TEHAN Dan,$375.00,,,-33.8674869,151.2069902,Wannon,VIC,Liberal,Coalition,lower,no
SNOWDON Warren,http://www.finance.gov.au/sites/default/files/P35_SNOWDON_Warren.pdf,29-Aug-14,29-Aug-14,Electorate Business,Melbourne,$374.00,1,100http://www.finance.gov.au/sites/default/files/P35_SNOWDON_Warren.pdf5P35 SNOWDON Warren,$374.00,,,-37.814107,144.96328,Lingiari,NT,Labor,Labor,lower,no
GRIGGS Natasha,http://www.finance.gov.au/sites/default/files/P35_GRIGGS_Natasha.pdf,30-Aug-14,30-Aug-14,Electorate Business,Canberra,$268.00,1,48http://www.finance.gov.au/sites/default/files/P35_GRIGGS_Natasha.pdf5P35 GRIGGS Natasha,$268.00,,,-35.2819998,149.1286843,Solomon,NT,CLP,Coalition,lower,no
KATTER Bob,http://www.finance.gov.au/sites/default/files/P35_KATTER_Bob.pdf,4-Sep-14,4-Sep-14,Electorate Business,Cairns,$289.00,1,125http://www.finance.gov.au/sites/default/files/P35_KATTER_Bob.pdf5P35 KATTER Bob,$289.00,,,-16.9203338,145.7708595,Kennedy,QLD,AUS,AUS,lower,no
FITZGIBBON Joel,http://www.finance.gov.au/sites/default/files/P35_FITZGIBBON_Joel.pdf,8-Sep-14,8-Sep-14,Electorate Business,Sydney,$395.00,1,111http://www.finance.gov.au/sites/default/files/P35_FITZGIBBON_Joel.pdf5P35 FITZGIBBON Joel,$395.00,,,-33.8674869,151.2069902,Hunter,NSW,Labor,Labor,lower,no
O'DOWD Ken,http://www.finance.gov.au/sites/default/files/P35_O'DOWD_Ken.pdf,8-Sep-14,8-Sep-14,Electorate Business,Winton,$256.00,1,83http://www.finance.gov.au/sites/default/files/P35_O'DOWD_Ken.pdf5P35 O'DOWD Ken,$256.00,,,-22.3900928,143.0390909,Flynn,QLD,National,Coalition,lower,no
KELLY Craig,http://www.finance.gov.au/sites/default/files/P35_KELLY_Craig.pdf,9-Sep-14,9-Sep-14,Electorate Business,Melbourne,$377.00,1,48http://www.finance.gov.au/sites/default/files/P35_KELLY_Craig.pdf5P35 KELLY Craig,$377.00,,,-37.814107,144.96328,Hughes,NSW,Liberal,Coalition,lower,no
TEHAN Dan,http://www.finance.gov.au/sites/default/files/P35_TEHAN_Dan.pdf,9-Sep-14,9-Sep-14,Electorate Business,Melbourne,$126.00,1,85http://www.finance.gov.au/sites/default/files/P35_TEHAN_Dan.pdf5P35 TEHAN Dan,$126.00,,,-37.814107,144.96328,Wannon,VIC,Liberal,Coalition,lower,no
SWAN Wayne,http://www.finance.gov.au/sites/default/files/P35_SWAN_Wayne.pdf,9-Sep-14,9-Sep-14,Electorate Business,Cairns,$289.00,1,41http://www.finance.gov.au/sites/default/files/P35_SWAN_Wayne.pdf5P35 SWAN Wayne,$289.00,,,-16.9203338,145.7708595,Lilley,QLD,Labor,Labor,lower,no
TEHAN Dan,http://www.finance.gov.au/sites/default/files/P35_TEHAN_Dan.pdf,10-Sep-14,10-Sep-14,Electorate Business,Canberra,$271.00,1,92http://www.finance.gov.au/sites/default/files/P35_TEHAN_Dan.pdf5P35 TEHAN Dan,$271.00,,,-35.2819998,149.1286843,Wannon,VIC,Liberal,Coalition,lower,no
IRONS Steve,http://www.finance.gov.au/sites/default/files/P35_IRONS_Steve.pdf,10-Sep-14,11-Sep-14,Electorate Business,Melbourne,$377.00,2,78http://www.finance.gov.au/sites/default/files/P35_IRONS_Steve.pdf5P35 IRONS Steve,$754.00,,,-37.814107,144.96328,Swan,WA,Liberal,Coalition,lower,no
SNOWDON Warren,http://www.finance.gov.au/sites/default/files/P35_SNOWDON_Warren.pdf,10-Sep-14,11-Sep-14,Electorate Business,Sydney,$395.00,2,129http://www.finance.gov.au/sites/default/files/P35_SNOWDON_Warren.pdf5P35 SNOWDON Warren,$790.00,,,-33.8674869,151.2069902,Lingiari,NT,Labor,Labor,lower,no
MCCORMACK Michael,http://www.finance.gov.au/sites/default/files/P35_MCCORMACK_Michael.pdf,12-Sep-14,12-Sep-14,Electorate Business,Sydney,$435.00,1,84http://www.finance.gov.au/sites/default/files/P35_MCCORMACK_Michael.pdf5P35 MCCORMACK Michael,$435.00,,,-33.8674869,151.2069902,Riverina,NSW,National,Coalition,lower,no
KATTER Bob,http://www.finance.gov.au/sites/default/files/P35_KATTER_Bob.pdf,12-Sep-14,12-Sep-14,Electorate Business,Cairns,$289.00,1,139http://www.finance.gov.au/sites/default/files/P35_KATTER_Bob.pdf5P35 KATTER Bob,$289.00,,,-16.9203338,145.7708595,Kennedy,QLD,AUS,AUS,lower,no
O'DOWD Ken,http://www.finance.gov.au/sites/default/files/P35_O'DOWD_Ken.pdf,14-Sep-14,14-Sep-14,Electorate Business,Perth,$409.00,1,97http://www.finance.gov.au/sites/default/files/P35_O'DOWD_Ken.pdf5P35 O'DOWD Ken,$409.00,,,-31.9535132,115.8570471,Flynn,QLD,National,Coalition,lower,no
WHITELEY Brett,http://www.finance.gov.au/sites/default/files/P35_WHITELEY_Brett.pdf,14-Sep-14,14-Sep-14,Electorate Business,Perth,$409.00,1,83http://www.finance.gov.au/sites/default/files/P35_WHITELEY_Brett.pdf5P35 WHITELEY Brett,$409.00,,,-31.9535132,115.8570471,Braddon,TAS,Liberal,Coalition,lower,no
MCGOWAN Cathy,http://www.finance.gov.au/sites/default/files/P35_MCGOWAN_Cathy.pdf,16-Sep-14,16-Sep-14,Electorate Business,Charters Towers,$281.00,1,83http://www.finance.gov.au/sites/default/files/P35_MCGOWAN_Cathy.pdf5P35 MCGOWAN Cathy,$281.00,,,-20.0504796,146.2538153,Indi,VIC,Independent,Independent,lower,no
SNOWDON Warren,http://www.finance.gov.au/sites/default/files/P35_SNOWDON_Warren.pdf,16-Sep-14,18-Sep-14,Electorate Business,Melbourne,$377.00,3,136http://www.finance.gov.au/sites/default/files/P35_SNOWDON_Warren.pdf5P35 SNOWDON Warren,"$1,131.00",,,-37.814107,144.96328,Lingiari,NT,Labor,Labor,lower,no
TEHAN Dan,http://www.finance.gov.au/sites/default/files/P35_TEHAN_Dan.pdf,25-Sep-14,25-Sep-14,Electorate Business,Melbourne,$126.00,1,106http://www.finance.gov.au/sites/default/files/P35_TEHAN_Dan.pdf5P35 TEHAN Dan,$126.00,,,-37.814107,144.96328,Wannon,VIC,Liberal,Coalition,lower,no
BURKE Anna,http://www.finance.gov.au/sites/default/files/P35_BURKE_Anna.pdf,25-Sep-14,27-Sep-14,Electorate Business,Sydney,$395.00,3,48http://www.finance.gov.au/sites/default/files/P35_BURKE_Anna.pdf5P35 BURKE Anna,"$1,185.00",,,-33.8674869,151.2069902,Chisholm,VIC,Labor,Labor,lower,no
SNOWDON Warren,http://www.finance.gov.au/sites/default/files/P35_SNOWDON_Warren.pdf,3-Oct-14,3-Oct-14,Electorate Business,Melbourne,$377.00,1,164http://www.finance.gov.au/sites/default/files/P35_SNOWDON_Warren.pdf5P35 SNOWDON Warren,$377.00,,,-37.814107,144.96328,Lingiari,NT,Labor,Labor,lower,no
SIMPKINS Luke,http://www.finance.gov.au/sites/default/files/P35_SIMPKINS_Luke.pdf,4-Oct-14,4-Oct-14,Electorate Business,Sydney,$395.00,1,69http://www.finance.gov.au/sites/default/files/P35_SIMPKINS_Luke.pdf5P35 SIMPKINS Luke,$395.00,,,-33.8674869,151.2069902,Cowan,WA,Liberal,Coalition,lower,no
KATTER Bob,http://www.finance.gov.au/sites/default/files/P35_KATTER_Bob.pdf,6-Oct-14,6-Oct-14,Electorate Business,Rockhampton,$281.00,1,167http://www.finance.gov.au/sites/default/files/P35_KATTER_Bob.pdf5P35 KATTER Bob,$281.00,,,-23.3779152,150.5101026,Kennedy,QLD,AUS,AUS,lower,no
SWAN Wayne,http://www.finance.gov.au/sites/default/files/P35_SWAN_Wayne.pdf,10-Oct-14,10-Oct-14,Electorate Business,Sydney,$395.00,1,55http://www.finance.gov.au/sites/default/files/P35_SWAN_Wayne.pdf5P35 SWAN Wayne,$395.00,,,-33.8674869,151.2069902,Lilley,QLD,Labor,Labor,lower,no
KATTER Bob,http://www.finance.gov.au/sites/default/files/P35_KATTER_Bob.pdf,10-Oct-14,11-Oct-14,Electorate Business,Canberra,$271.00,2,188http://www.finance.gov.au/sites/default/files/P35_KATTER_Bob.pdf5P35 KATTER Bob,$542.00,,,-35.2819998,149.1286843,Kennedy,QLD,AUS,AUS,lower,no
CHESTER Darren,http://www.finance.gov.au/sites/default/files/P35_CHESTER_Darren.pdf,12-Oct-14,12-Oct-14,Electorate Business,Melbourne,$435.00,1,181http://www.finance.gov.au/sites/default/files/P35_CHESTER_Darren.pdf5P35 CHESTER Darren,$435.00,,,-37.814107,144.96328,Gippsland,VIC,National,Coalition,lower,no
SNOWDON Warren,http://www.finance.gov.au/sites/default/files/P35_SNOWDON_Warren.pdf,12-Oct-14,13-Oct-14,Electorate Business,Darwin,$436.00,2,178http://www.finance.gov.au/sites/default/files/P35_SNOWDON_Warren.pdf5P35 SNOWDON Warren,$872.00,,,-12.4628271,130.8417772,Lingiari,NT,Labor,Labor,lower,no
SNOWDON Warren,http://www.finance.gov.au/sites/default/files/P35_SNOWDON_Warren.pdf,14-Oct-14,14-Oct-14,Electorate Business,Melbourne,$377.00,1,185http://www.finance.gov.au/sites/default/files/P35_SNOWDON_Warren.pdf5P35 SNOWDON Warren,$377.00,,,-37.814107,144.96328,Lingiari,NT,Labor,Labor,lower,no
ALEXANDER John,http://www.finance.gov.au/sites/default/files/P35_ALEXANDER_John.pdf,15-Oct-14,15-Oct-14,Electorate Business,Brisbane,$406.00,1,70http://www.finance.gov.au/sites/default/files/P35_ALEXANDER_John.pdf5P35 ALEXANDER John,$406.00,,,-27.4710107,153.0234489,Bennelong,NSW,Liberal,Coalition,lower,no
JONES Ewen,http://www.finance.gov.au/sites/default/files/P35_JONES_Ewen.pdf,15-Oct-14,15-Oct-14,Electorate Business,Brisbane,$406.00,1,62http://www.finance.gov.au/sites/default/files/P35_JONES_Ewen.pdf5P35 JONES Ewen,$406.00,,,-27.4710107,153.0234489,Herbert,QLD,Liberal,Coalition,lower,no
COULTON Mark,http://www.finance.gov.au/sites/default/files/P35_COULTON_Mark.pdf,16-Oct-14,16-Oct-14,Electorate Business,Sydney,$395.00,1,223http://www.finance.gov.au/sites/default/files/P35_COULTON_Mark.pdf5P35 COULTON Mark,$395.00,,,-33.8674869,151.2069902,Parkes,NSW,National,Coalition,lower,no
JONES Ewen,http://www.finance.gov.au/sites/default/files/P35_JONES_Ewen.pdf,16-Oct-14,16-Oct-14,Electorate Business,Kalgoorlie,$308.00,1,69http://www.finance.gov.au/sites/default/files/P35_JONES_Ewen.pdf5P35 JONES Ewen,$308.00,,,-30.7470074,121.4748606,Herbert,QLD,Liberal,Coalition,lower,no
SNOWDON Warren,http://www.finance.gov.au/sites/default/files/P35_SNOWDON_Warren.pdf,17-Oct-14,17-Oct-14,Electorate Business,Melbourne,$377.00,1,208http://www.finance.gov.au/sites/default/files/P35_SNOWDON_Warren.pdf5P35 SNOWDON Warren,$377.00,,,-37.814107,144.96328,Lingiari,NT,Labor,Labor,lower,no
SNOWDON Warren,http://www.finance.gov.au/sites/default/files/P35_SNOWDON_Warren.pdf,24-Oct-14,24-Oct-14,Electorate Business,Sydney,$395.00,1,222http://www.finance.gov.au/sites/default/files/P35_SNOWDON_Warren.pdf5P35 SNOWDON Warren,$395.00,,,-33.8674869,151.2069902,Lingiari,NT,Labor,Labor,lower,no
LANDRY Michelle,http://www.finance.gov.au/sites/default/files/P35_LANDRY_Michelle.pdf,24-Oct-14,24-Oct-14,Electorate Business,Mackay,$310.00,1,111http://www.finance.gov.au/sites/default/files/P35_LANDRY_Michelle.pdf5P35 LANDRY Michelle,$310.00,,,-21.1412101,149.1856253,Capricornia,QLD,National,Coalition,lower,no
SCOTT Bruce,http://www.finance.gov.au/sites/default/files/P35_SCOTT_Bruce.pdf,31-Oct-14,31-Oct-14,Electorate Business,Brisbane,$406.00,1,219http://www.finance.gov.au/sites/default/files/P35_SCOTT_Bruce.pdf5P35 SCOTT Bruce,$406.00,,,-27.4710107,153.0234489,Maranoa,QLD,National,Coalition,lower,no
KATTER Bob,http://www.finance.gov.au/sites/default/files/P35_KATTER_Bob.pdf,31-Oct-14,31-Oct-14,Electorate Business,Cairns,$289.00,1,216http://www.finance.gov.au/sites/default/files/P35_KATTER_Bob.pdf5P35 KATTER Bob,$289.00,,,-16.9203338,145.7708595,Kennedy,QLD,AUS,AUS,lower,no
BURKE Anna,http://www.finance.gov.au/sites/default/files/P35_BURKE_Anna.pdf,1-Nov-14,3-Nov-14,Electorate Business,Sydney,$395.00,3,76http://www.finance.gov.au/sites/default/files/P35_BURKE_Anna.pdf5P35 BURKE Anna,"$1,185.00",,,-33.8674869,151.2069902,Chisholm,VIC,Labor,Labor,lower,no
WYATT Ken,http://www.finance.gov.au/sites/default/files/P35_WYATT_Ken.pdf,2-Nov-14,3-Nov-14,Electorate Business,Sydney,$395.00,2,171http://www.finance.gov.au/sites/default/files/P35_WYATT_Ken.pdf5P35 WYATT Ken,$790.00,,,-33.8674869,151.2069902,Hasluck,WA,Liberal,Coalition,lower,no
COULTON Mark,http://www.finance.gov.au/sites/default/files/P35_COULTON_Mark.pdf,2-Nov-14,3-Nov-14,Electorate Business,Perth,$409.00,2,251http://www.finance.gov.au/sites/default/files/P35_COULTON_Mark.pdf5P35 COULTON Mark,$818.00,,,-31.9535132,115.8570471,Parkes,NSW,National,Coalition,lower,no
COULTON Mark,http://www.finance.gov.au/sites/default/files/P35_COULTON_Mark.pdf,4-Nov-14,4-Nov-14,Electorate Business,Sydney,$395.00,1,258http://www.finance.gov.au/sites/default/files/P35_COULTON_Mark.pdf5P35 COULTON Mark,$395.00,,,-33.8674869,151.2069902,Parkes,NSW,National,Coalition,lower,no
SWAN Wayne,http://www.finance.gov.au/sites/default/files/P35_SWAN_Wayne.pdf,4-Nov-14,4-Nov-14,Electorate Business,Sydney,$395.00,1,76http://www.finance.gov.au/sites/default/files/P35_SWAN_Wayne.pdf5P35 SWAN Wayne,$395.00,,,-33.8674869,151.2069902,Lilley,QLD,Labor,Labor,lower,no
MACTIERNAN Alannah,http://www.finance.gov.au/sites/default/files/P35_MACTIERNAN_Alannah.pdf,4-Nov-14,4-Nov-14,Electorate Business,Sydney,$395.00,1,139http://www.finance.gov.au/sites/default/files/P35_MACTIERNAN_Alannah.pdf5P35 MACTIERNAN Alannah,$395.00,,,-33.8674869,151.2069902,Perth,WA,Labor,Labor,lower,no
PARKE Melissa,http://www.finance.gov.au/sites/default/files/P35_PARKE_Melissa.pdf,4-Nov-14,4-Nov-14,Electorate Business,Sydney,$132.00,1,69http://www.finance.gov.au/sites/default/files/P35_PARKE_Melissa.pdf5P35 PARKE Melissa,$132.00,,,-33.8674869,151.2069902,Fremantle,WA,Labor,Labor,lower,no
WILSON Rick,http://www.finance.gov.au/sites/default/files/P35_WILSON_Rick.pdf,5-Nov-14,5-Nov-14,Electorate Business,Perth,$409.00,1,251http://www.finance.gov.au/sites/default/files/P35_WILSON_Rick.pdf5P35 WILSON Rick,$409.00,,,-31.9535132,115.8570471,O'Connor,WA,Liberal,Coalition,lower,no
SNOWDON Warren,http://www.finance.gov.au/sites/default/files/P35_SNOWDON_Warren.pdf,6-Nov-14,6-Nov-14,Electorate Business,Perth,$409.00,1,243http://www.finance.gov.au/sites/default/files/P35_SNOWDON_Warren.pdf5P35 SNOWDON Warren,$409.00,,,-31.9535132,115.8570471,Lingiari,NT,Labor,Labor,lower,no
KATTER Bob,http://www.finance.gov.au/sites/default/files/P35_KATTER_Bob.pdf,6-Nov-14,7-Nov-14,Electorate Business,Cairns,$289.00,2,230http://www.finance.gov.au/sites/default/files/P35_KATTER_Bob.pdf5P35 KATTER Bob,$578.00,,,-16.9203338,145.7708595,Kennedy,QLD,AUS,AUS,lower,no
SWAN Wayne,http://www.finance.gov.au/sites/default/files/P35_SWAN_Wayne.pdf,7-Nov-14,7-Nov-14,Electorate Business,Newcastle,$301.00,1,83http://www.finance.gov.au/sites/default/files/P35_SWAN_Wayne.pdf5P35 SWAN Wayne,$301.00,,,-32.926689,151.7789205,Lilley,QLD,Labor,Labor,lower,no
SNOWDON Warren,http://www.finance.gov.au/sites/default/files/P35_SNOWDON_Warren.pdf,10-Nov-14,10-Nov-14,Electorate Business,Perth,$409.00,1,250http://www.finance.gov.au/sites/default/files/P35_SNOWDON_Warren.pdf5P35 SNOWDON Warren,$409.00,,,-31.9535132,115.8570471,Lingiari,NT,Labor,Labor,lower,no
BROAD Andrew,http://www.finance.gov.au/sites/default/files/P35_BROAD_Andrew.pdf,12-Nov-14,12-Nov-14,Electorate Business,Ballarat,$281.00,1,216http://www.finance.gov.au/sites/default/files/P35_BROAD_Andrew.pdf5P35 BROAD Andrew,$281.00,,,-37.5636495,143.8671868,Mallee,VIC,National,Coalition,lower,no
KATTER Bob,http://www.finance.gov.au/sites/default/files/P35_KATTER_Bob.pdf,12-Nov-14,12-Nov-14,Electorate Business,Sydney,$395.00,1,237http://www.finance.gov.au/sites/default/files/P35_KATTER_Bob.pdf5P35 KATTER Bob,$395.00,,,-33.8674869,151.2069902,Kennedy,QLD,AUS,AUS,lower,no
KATTER Bob,http://www.finance.gov.au/sites/default/files/P35_KATTER_Bob.pdf,13-Nov-14,13-Nov-14,Electorate Business,Melbourne,$377.00,1,244http://www.finance.gov.au/sites/default/files/P35_KATTER_Bob.pdf5P35 KATTER Bob,$377.00,,,-37.814107,144.96328,Kennedy,QLD,AUS,AUS,lower,no
KATTER Bob,http://www.finance.gov.au/sites/default/files/P35_KATTER_Bob.pdf,15-Nov-14,15-Nov-14,Electorate Business,Cairns,$289.00,1,251http://www.finance.gov.au/sites/default/files/P35_KATTER_Bob.pdf5P35 KATTER Bob,$289.00,,,-16.9203338,145.7708595,Kennedy,QLD,AUS,AUS,lower,no
GAMBARO Teresa,http://www.finance.gov.au/sites/default/files/P35_GAMBARO_Teresa.pdf,16-Nov-14,16-Nov-14,Electorate Business,Sydney,$395.00,1,129http://www.finance.gov.au/sites/default/files/P35_GAMBARO_Teresa.pdf5P35 GAMBARO Teresa,$395.00,,,-33.8674869,151.2069902,Brisbane,QLD,Liberal,Coalition,lower,no
PASIN Tony,http://www.finance.gov.au/sites/default/files/P35_PASIN_Tony.pdf,16-Nov-14,16-Nov-14,Electorate Business,Sydney,$395.00,1,125http://www.finance.gov.au/sites/default/files/P35_PASIN_Tony.pdf5P35 PASIN Tony,$395.00,,,-33.8674869,151.2069902,Barker,SA,Liberal,Coalition,lower,no
CHESTERS Lisa,http://www.finance.gov.au/sites/default/files/P35_CHESTERS_Lisa.pdf,18-Nov-14,18-Nov-14,Electorate Business,Melbourne,$377.00,1,83http://www.finance.gov.au/sites/default/files/P35_CHESTERS_Lisa.pdf5P35 CHESTERS Lisa,$377.00,,,-37.814107,144.96328,Bendigo,VIC,Labor,Labor,lower,no
HOWARTH Luke,http://www.finance.gov.au/sites/default/files/P35_HOWARTH_Luke.pdf,21-Nov-14,21-Nov-14,Electorate Business,Townsville,$281.00,1,76http://www.finance.gov.au/sites/default/files/P35_HOWARTH_Luke.pdf5P35 HOWARTH Luke,$281.00,,,-19.2576223,146.8178787,Petrie,QLD,Liberal,Coalition,lower,no
KATTER Bob,http://www.finance.gov.au/sites/default/files/P35_KATTER_Bob.pdf,21-Nov-14,21-Nov-14,Electorate Business,Cairns,$289.00,1,265http://www.finance.gov.au/sites/default/files/P35_KATTER_Bob.pdf5P35 KATTER Bob,$289.00,,,-16.9203338,145.7708595,Kennedy,QLD,AUS,AUS,lower,no
CHRISTENSEN George,http://www.finance.gov.au/sites/default/files/P35_CHRISTENSEN_George.pdf,22-Nov-14,22-Nov-14,Electorate Business,Townsville,$281.00,1,153http://www.finance.gov.au/sites/default/files/P35_CHRISTENSEN_George.pdf5P35 CHRISTENSEN George,$281.00,,,-19.2576223,146.8178787,Dawson,QLD,National,Coalition,lower,no
KATTER Bob,http://www.finance.gov.au/sites/default/files/P35_KATTER_Bob.pdf,25-Nov-14,25-Nov-14,Electorate Business,Cairns,$289.00,1,18http://www.finance.gov.au/sites/default/files/P35_KATTER_Bob.pdf6P35 KATTER Bob,$289.00,,,-16.9203338,145.7708595,Kennedy,QLD,AUS,AUS,lower,no
ENTSCH Warren,http://www.finance.gov.au/sites/default/files/P35_ENTSCH_Warren.pdf,28-Nov-14,28-Nov-14,Electorate Business,Brisbane,$406.00,1,137http://www.finance.gov.au/sites/default/files/P35_ENTSCH_Warren.pdf5P35 ENTSCH Warren,$406.00,,,-27.4710107,153.0234489,Leichhardt,QLD,Liberal,Coalition,lower,no
KATTER Bob,http://www.finance.gov.au/sites/default/files/P35_KATTER_Bob.pdf,28-Nov-14,28-Nov-14,Electorate Business,Cairns,$289.00,1,25http://www.finance.gov.au/sites/default/files/P35_KATTER_Bob.pdf6P35 KATTER Bob,$289.00,,,-16.9203338,145.7708595,Kennedy,QLD,AUS,AUS,lower,no
ENTSCH Warren,http://www.finance.gov.au/sites/default/files/P35_ENTSCH_Warren.pdf,29-Nov-14,29-Nov-14,Electorate Business,Brisbane,$136.00,1,144http://www.finance.gov.au/sites/default/files/P35_ENTSCH_Warren.pdf5P35 ENTSCH Warren,$136.00,,,-27.4710107,153.0234489,Leichhardt,QLD,Liberal,Coalition,lower,no
SWAN Wayne,http://www.finance.gov.au/sites/default/files/P35_SWAN_Wayne.pdf,4-Dec-14,4-Dec-14,Electorate Business,Melbourne,$377.00,1,97http://www.finance.gov.au/sites/default/files/P35_SWAN_Wayne.pdf5P35 SWAN Wayne,$377.00,,,-37.814107,144.96328,Lilley,QLD,Labor,Labor,lower,no
CHESTER Darren,http://www.finance.gov.au/sites/default/files/P35_CHESTER_Darren.pdf,5-Dec-14,5-Dec-14,Electorate Business,Melbourne,$435.00,1,32http://www.finance.gov.au/sites/default/files/P35_CHESTER_Darren.pdf6P35 CHESTER Darren,$435.00,,,-37.814107,144.96328,Gippsland,VIC,National,Coalition,lower,no
WILSON Rick,http://www.finance.gov.au/sites/default/files/P35_WILSON_Rick.pdf,6-Dec-14,6-Dec-14,Electorate Business,Perth,$409.00,1,46http://www.finance.gov.au/sites/default/files/P35_WILSON_Rick.pdf6P35 WILSON Rick,$409.00,,,-31.9535132,115.8570471,O'Connor,WA,Liberal,Coalition,lower,no
TEHAN Dan,http://www.finance.gov.au/sites/default/files/P35_TEHAN_Dan.pdf,7-Dec-14,8-Dec-14,Electorate Business,Melbourne,$126.00,2,185http://www.finance.gov.au/sites/default/files/P35_TEHAN_Dan.pdf5P35 TEHAN Dan,$252.00,,,-37.814107,144.96328,Wannon,VIC,Liberal,Coalition,lower,no
ENTSCH Warren,http://www.finance.gov.au/sites/default/files/P35_ENTSCH_Warren.pdf,12-Dec-14,12-Dec-14,Electorate Business,Melbourne,$377.00,1,159http://www.finance.gov.au/sites/default/files/P35_ENTSCH_Warren.pdf5P35 ENTSCH Warren,$377.00,,,-37.814107,144.96328,Leichhardt,QLD,Liberal,Coalition,lower,no
